Id_commune;Nom_commune;Code_departement;Code_commune;Id_region
3210;PARIS 18;75;118;11
3209;PARIS 17;75;117;11
3207;PARIS 15;75;115;11
3208;PARIS 16;75;116;11
3203;PARIS 11;75;111;11
3211;PARIS 20;75;120;11
3212;PARIS 19;75;119;11
3201;PARIS 10;75;110;11
3204;PARIS 12;75;112;11
3206;PARIS 14;75;114;11
3202;PARIS 09;75;109;11
3195;PARIS 03;75;103;11
3198;PARIS 06;75;106;11
3197;PARIS 08;75;108;11
3199;PARIS 07;75;107;11
3205;PARIS 13;75;113;11
3214;PARIS 02;75;102;11
3200;PARIS 05;75;105;11
3213;PARIS 04;75;104;11
3196;PARIS 01;75;101;11
3052;ABLON-SUR-SEINE;94;1;11
3041;ARCUEIL;94;3;11
3044;BOISSY-SAINT-LEGER;94;4;11
3027;BONNEUIL-SUR-MARNE;94;11;11
3062;BRY-SUR-MARNE;94;15;11
3029;CACHAN;94;16;11
3046;CHENNEVIERES SUR MARNE;94;19;11
3038;CHEVILLY-LARUE;94;21;11
3033;CHOISY-LE-ROI;94;22;11
3032;FRESNES;94;34;11
3040;GENTILLY;94;37;11
3028;IVRY-SUR-SEINE;94;41;11
3022;JOINVILLE-LE-PONT;94;42;11
3036;L'HAY-LES-ROSES;94;38;11
3047;LA QUEUE-EN-BRIE;94;60;11
3030;LE KREMLIN-BICETRE;94;43;11
3053;LE PLESSIS-TREVISE;94;59;11
3050;LIMEIL-BREVANNES;94;44;11
3054;MANDRES-LES-ROSES;94;47;11
3059;MAROLLES-EN-BRIE;94;48;11
3056;NOISEAU;94;53;11
3037;ORLY;94;54;11
3058;ORMESSON-SUR-MARNE;94;55;11
3043;PERIGNY;94;56;11
3039;RUNGIS;94;65;11
3057;SANTENY;94;70;11
3019;ST MAURICE;94;69;11
3049;SUCY-EN-BRIE;94;71;11
3035;THIAIS;94;73;11
3045;VALENTON;94;74;11
3051;VILLECRESNES;94;75;11
3031;VILLEJUIF;94;76;11
3055;VILLENEUVE-LE-ROI;94;77;11
3042;VILLENEUVE-SAINT-GEORGES;94;78;11
3048;VILLIERS-SUR-MARNE;94;79;11
3026;CRETEIL;94;28;11
3025;CHARENTON-LE-PONT;94;18;11
3064;FONTENAY-SOUS-BOIS;94;33;11
3063;SAINT-MANDE;94;67;11
3034;VITRY-SUR-SEINE;94;81;11
3066;CHAMPIGNY-SUR-MARNE;94;17;11
3023;ALFORTVILLE;94;2;11
3065;LE PERREUX-SUR-MARNE;94;58;11
3060;NOGENT-SUR-MARNE;94;52;11
3024;MAISONS-ALFORT;94;46;11
3021;SAINT-MAUR-DES-FOSSES;94;68;11
3061;VINCENNES;94;80;11
2945;COURBEVOIE;92;26;11
2952;LEVALLOIS-PERRET;92;44;11
2954;NEUILLY-SUR-SEINE;92;51;11
2942;RUEIL-MALMAISON;92;63;11
2953;CLICHY;92;24;11
2941;PUTEAUX;92;62;11
2948;ASNIERES-SUR-SEINE;92;4;11
2968;MONTROUGE;92;49;11
2943;SURESNES;92;73;11
2967;ISSY-LES-MOULINEAUX;92;40;11
2944;NANTERRE;92;50;11
2971;ANTONY;92;2;11
2976;BAGNEUX;92;7;11
2946;BOIS-COLOMBES;92;9;11
2966;BOURG-LA-REINE;92;14;11
2965;CHATENAY-MALABRY;92;19;11
2975;CHATILLON;92;20;11
2964;CHAVILLE;92;22;11
2970;CLAMART;92;23;11
2950;COLOMBES;92;25;11
2969;FONTENAY-AUX-ROSES;92;32;11
2957;GARCHES;92;33;11
2949;GENNEVILLIERS;92;36;11
2947;LA GARENNE-COLOMBES;92;35;11
2974;LE PLESSIS-ROBINSON;92;60;11
2977;MALAKOFF;92;46;11
2959;MEUDON;92;48;11
2958;SAINT-CLOUD;92;64;11
2973;SCEAUX;92;71;11
2960;SEVRES;92;72;11
2972;VANVES;92;75;11
2956;VAUCRESSON;92;76;11
2963;VILLE-D'AVRAY;92;77;11
2951;VILLENEUVE-LA-GARENNE;92;78;11
2961;BOULOGNE-BILLANCOURT;92;12;11
2456;ACHERES;78;5;11
2446;ANDRESY;78;15;11
2460;AUBERGENVILLE;78;29;11
2441;BAILLY;78;43;11
2484;BENNECOURT;78;57;11
2503;BEYNES;78;62;11
2409;BOIS D ARCY;78;73;11
2523;BONNELLES;78;87;11
2488;BONNIERES-SUR-SEINE;78;89;11
2461;BOUAFLE;78;90;11
2436;BOUGIVAL;78;92;11
2418;BUC;78;117;11
2474;BUCHELAY;78;118;11
2519;BULLION;78;120;11
2453;CARRIERES SOUS POISSY;78;123;11
2428;CARRIERES SUR SEINE;78;124;11
2437;CELLE-SAINT-CLOUD (LA);78;126;11
2497;CERNAY-LA-VILLE;78;128;11
2468;CHAMBOURCY;78;133;11
2462;CHANTELOUP-LES-VIGNES;78;138;11
2419;CHATEAUFORT;78;143;11
2431;CHATOU;78;146;11
2440;CHAVENAY;78;152;11
2509;CHEVREUSE;78;160;11
2423;CLAYES-SOUS-BOIS (LES);78;165;11
2517;COIGNIERES;78;168;11
2443;CONFLANS SAINTE HONORINE;78;172;11
2469;CRESPIERES;78;189;11
2427;CROISSY SUR SEINE;78;190;11
2526;DAMPIERRE-EN-YVELINES;78;193;11
2464;ECQUEVILLY;78;206;11
2496;ELANCOURT;78;208;11
2472;EPONE;78;217;11
2502;ESSARTS-LE-ROI (LES);78;220;11
2430;ETANG-LA-VILLE (L );78;224;11
2442;FEUCHEROLLES;78;233;11
2471;FLINS-SUR-SEINE;78;238;11
2415;FONTENAY LE FLEURY;78;242;11
2478;FONTENAY-SAINT-PERE;78;246;11
2481;FRENEUSE;78;255;11
2506;GALLUIS;78;262;11
2485;GARGENVILLE;78;267;11
2516;GAZERAN;78;269;11
2490;GUERVILLE;78;291;11
2414;GUYANCOURT;78;297;11
2477;HOUDAN;78;310;11
2429;HOUILLES;78;311;11
2480;ISSOU;78;314;11
2505;JOUARS-PONTCHARTRAIN;78;321;11
2417;JOUY EN JOSAS;78;322;11
2491;JUZIERS;78;327;11
2416;LE CHESNAY-ROCQUENCOURT;78;158;11
2479;LIMAY;78;335;11
2489;LIMETZ-VILLEZ;78;337;11
2426;LOUVECIENNES;78;350;11
2493;MAGNANVILLE;78;354;11
2499;MAGNY-LES-HAMEAUX;78;356;11
2424;MAISONS-LAFFITTE;78;358;11
2473;MANTES-LA-JOLIE;78;361;11
2476;MANTES-LA-VILLE;78;362;11
2511;MAREIL-LE-GUYON;78;366;11
2457;MAREIL-MARLY;78;367;11
2420;MARLY-LE-ROI;78;372;11
2449;MAULE;78;380;11
2482;MAULETTE;78;381;11
2444;MAURECOURT;78;382;11
2495;MAUREPAS;78;383;11
2435;MESNIL-LE-ROI (LE);78;396;11
2498;MESNIL-SAINT-DENIS (LE);78;397;11
2512;MESNULS (LES);78;398;11
2452;MEULAN-EN-YVELINES;78;401;11
2475;MEZIERES-SUR-SEINE;78;402;11
2467;MEZY-SUR-SEINE;78;403;11
2434;MONTESSON;78;418;11
2518;MONTFORT-L AMAURY;78;420;11
2411;MONTIGNY LE BRETONNEUX;78;423;11
2463;MORAINVILLIERS;78;431;11
2455;MUREAUX (LES);78;440;11
2508;NEAUPHLE-LE-CHATEAU;78;442;11
2470;NEZEL;78;451;11
2438;NOISY LE ROI;78;455;11
2448;ORGEVAL;78;466;11
2494;ORVILLIERS;78;474;11
2445;PECQ (LE);78;481;11
2483;PERDREAUVILLE;78;484;11
2521;PERRAY-EN-YVELINES (LE);78;486;11
2422;PLAISIR;78;490;11
2450;POISSY;78;498;11
2433;PORT-MARLY (LE);78;502;11
2515;QUEUE-LES-YVELINES (LA);78;513;11
2500;RAMBOUILLET;78;517;11
2487;RICHEBOURG;78;520;11
2525;ROCHEFORT-EN-YVELINES;78;522;11
2510;SAINT-ARNOULT-EN-YVELINES;78;537;11
2408;SAINT-CYR-L ECOLE;78;545;11
2507;SAINT-GERMAIN-DE-LA-GRANGE;78;550;11
2501;SAINT-LEGER-EN-YVELINES;78;562;11
2492;SAINT-MARTIN-DES-CHAMPS;78;565;11
2439;SAINT-NOM-LA-BRETECHE;78;571;11
2513;SAINT-REMY-LES-CHEVREUSE;78;575;11
2425;SARTROUVILLE;78;586;11
2486;SEPTEUIL;78;591;11
2504;THOIRY;78;616;11
2413;TRAPPES;78;621;11
2522;TREMBLAY-SUR-MAULDRE (LE);78;623;11
2451;TRIEL SUR SEINE;78;624;11
2466;VAUX-SUR-SEINE;78;638;11
2412;VELIZY VILLACOUBLAY;78;640;11
2454;VERNEUIL SUR SEINE;78;642;11
2459;VERNOUILLET;78;643;11
2524;VERRIERE (LA);78;644;11
2421;VESINET (LE);78;650;11
2458;VILLENNES-SUR-SEINE;78;672;11
2432;VILLEPREUX;78;674;11
2520;VILLIERS-SAINT-FREDERIC;78;683;11
2410;VIROFLAY;78;686;11
2514;VOISINS-LE-BRETONNEUX;78;688;11
2465;SAINT-GERMAIN-EN-LAYE;78;551;11
2407;VERSAILLES;78;646;11
1933;VILLEURBANNE;69;266;84
1910;LYON 9EME;69;389;84
1927;LYON 3EME;69;383;84
1913;LYON 1ER;69;381;84
1908;LYON 4EME;69;384;84
2007;VILLEFRANCHE;69;264;84
1928;LYON 7EME;69;387;84
1906;LYON 2EME;69;382;84
1905;ALBIGNY-SUR-SAONE;69;3;84
2011;ALIX;69;4;84
2022;AMPLEPUIS;69;6;84
1963;AMPUIS;69;7;84
2017;ANSE;69;9;84
2012;ARNAS;69;13;84
2020;BELLEVILLE-EN-BEAUJOLAIS;69;19;84
1957;BRIGNAIS;69;27;84
1981;BRINDAS;69;28;84
1942;BRON;69;29;84
1994;BRUSSIEU;69;31;84
1995;BULLY;69;32;84
1921;CAILLOUX-SUR-FONTAINES;69;33;84
1912;CALUIRE ET CUIRE;69;34;84
2027;CERCIE;69;36;84
1986;CHAMPAGNE-AU-MONT-D OR;69;40;84
1973;CHAPONOST;69;43;84
1990;CHARBONNIERES-LES-BAINS;69;44;84
2016;CHARENTAY;69;45;84
1965;CHARLY;69;46;84
1993;CHASSELAY;69;49;84
1941;CHASSIEU;69;271;84
2029;CHESSY;69;56;84
1976;COLLONGES-AU-MONT- D OR;69;63;84
1958;CONDRIEU;69;64;84
1943;CORBAS;69;273;84
1998;COURZIEU;69;67;84
1918;COUZON-AU-MONT-D OR;69;68;84
1979;CRAPONNE;69;69;84
1920;CURIS-AU-MONT-D'OR;69;71;84
1978;DARDILLY;69;72;84
1935;DECINES-CHARPIEU;69;275;84
1999;DOMMARTIN;69;76;84
1982;DUERNE;69;78;84
1970;ECHALAS;69;80;84
1977;ECULLY;69;81;84
1947;FEYZIN;69;276;84
1917;FLEURIEU-SUR-SAONE;69;85;84
1987;FLEURIEUX-SUR-L ARBRESLE;69;86;84
1915;FONTAINES SUR SAONE;69;88;84
1975;FRANCHEVILLE;69;89;84
1944;GENAS;69;277;84
1916;GENAY;69;278;84
1961;GIVORS;69;91;84
2014;GLEIZE;69;92;84
1988;GREZIEU-LA-VARENNE;69;94;84
1960;GRIGNY;69;96;84
1962;IRIGNY;69;100;84
1985;L ARBRESLE;69;10;84
1954;LA MULATIERE;69;142;84
2001;LA TOUR DE SALVAGNY;69;250;84
2018;LAMURE SUR AZERGUES;69;107;84
2025;LEGNY;69;111;84
1992;LENTILLY;69;112;84
2010;LIMAS;69;115;84
1989;LIMONEST;69;116;84
2009;LOZANNE;69;121;84
2028;LUCENAY;69;122;84
1909;LYON 5EME;69;385;84
1929;LYON 6EME;69;386;84
1930;LYON 8EME;69;388;84
1984;MARCILLY-D AZERGUES;69;125;84
2030;MARCY;69;126;84
1983;MARCY-L ETOILE;69;127;84
1931;MEYZIEU;69;282;84
1939;MIONS;69;283;84
1971;MONTAGNY;69;136;84
1924;MONTANAY;69;284;84
1972;MORNANT;69;141;84
1907;NEUVILLE SUR SAONE;69;143;84
1953;OULLINS;69;149;84
1966;PIERRE BENITE;69;152;84
2000;POLLIONNAY;69;154;84
1911;QUINCIEUX;69;163;84
1914;RILLIEUX-LA-PAPE;69;286;84
1922;ROCHETAILLEE-SUR-SAONE;69;168;84
1991;SAIN-BEL;69;171;84
1996;SAINT CYR AU MONT D OR;69;191;84
2015;SAINT GEORGES DE RENEINS;69;206;84
1997;SAINT GERMAIN NUELLES;69;208;84
1964;SAINT LAURENT D'AGNY;69;219;84
1969;SAINT ROMAIN EN GAL;69;235;84
2004;SAINT SYMPHORIEN SUR COISE;69;238;84
1945;SAINT-BONNET-DE-MURE;69;287;84
2003;SAINT-DIDIER-AU-MONT-D OR;69;194;84
2019;SAINT-DIDIER-SUR-BEAUJEU;69;196;84
2021;SAINT-FORGEUX;69;200;84
1952;SAINT-GENIS-LAVAL;69;204;84
1926;SAINT-GERMAIN-AU-MONT-D OR;69;207;84
2024;SAINT-JULIEN;69;215;84
1948;SAINT-LAURENT-DE-MURE;69;288;84
1932;SAINT-PIERRE-DE-CHANDIEU;69;289;84
1938;SAINT-PRIEST;69;290;84
1923;SAINT-ROMAIN-AU-MONT-D OR;69;233;84
1950;SAINT-SYMPHORIEN-D'OZON;69;291;84
1955;SAINTE FOY LES LYON;69;202;84
1968;SAINTE-COLOMBE;69;189;84
2002;SAINTE-FOY-L ARGENTIERE;69;201;84
2006;SARCEY;69;173;84
1919;SATHONAY-CAMP;69;292;84
1925;SATHONAY-VILLAGE;69;293;84
1946;SEREZIN-DU-RHONE;69;294;84
1949;SOLAIZE;69;296;84
1956;SOUCIEU EN JARREST;69;176;84
1940;ST FONS;69;199;84
1959;TALUYERS;69;241;84
2013;TARARE;69;243;84
1980;TASSIN-LA-DEMI-LUNE;69;244;84
1936;TERNAY;69;297;84
2008;THIZY LES BOURGS;69;248;84
2005;THURINS;69;249;84
1951;TOUSSIEU;69;298;84
2026;VAL D'OINGT;69;24;84
1937;VAULX EN VELIN;69;256;84
1934;VENISSIEUX;69;259;84
1967;VERNAISON;69;260;84
2023;VILLE SUR JARNIOUX;69;265;84
1974;VOURLES;69;268;84
225;ANDON;6;3;93
193;ASPREMONT;6;6;93
166;BEAULIEU SUR MER;6;11;93
151;BEAUSOLEIL;6;12;93
190;BELVEDERE;6;13;93
173;BENDEJUN;6;14;93
187;BERRE-LES-ALPES;6;15;93
186;BEUIL;6;16;93
208;BIOT;6;18;93
189;BLAUSASC;6;19;93
160;BREIL-SUR-ROYA;6;23;93
226;CAGNES SUR MER;6;27;93
209;CANNES;6;29;93
196;CANTARON;6;31;93
170;CAP-D AIL;6;32;93
215;CARROS;6;33;93
156;CASTELLAR;6;35;93
157;CASTILLON;6;36;93
197;CLANS;6;42;93
183;COLOMARS;6;46;93
176;CONTES;6;48;93
168;DRAP;6;54;93
180;EZE;6;59;93
147;FALICON;6;60;93
181;GILETTE;6;66;93
158;GORBIO;6;67;93
212;GRASSE;6;69;93
223;GREOLIERES;6;70;93
178;GUILLAUMES;6;71;93
163;ISOLA;6;73;93
169;L'ESCARENE;6;57;93
194;LA BOLLENE-VESUBIE;6;20;93
152;LA BRIGUE;6;162;93
229;LA COLLE SUR LOUP;6;44;93
220;LA GAUDE;6;65;93
206;LA ROQUETTE SUR SIAGNE;6;108;93
198;LA ROQUETTE SUR VAR;6;109;93
146;LA TRINITE;6;149;93
177;LA TURBIE;6;150;93
192;LANTOSQUE;6;74;93
221;LE BAR-SUR-LOUP;6;10;93
218;LE BROC;6;25;93
185;LEVENS;6;75;93
191;LUCERAM;6;77;93
211;MANDELIEU-LA-NAPOULE;6;79;93
202;MOUANS-SARTOUX;6;84;93
207;MOUGINS;6;85;93
159;MOULINET;6;86;93
213;PEGOMAS;6;90;93
179;PEILLE;6;91;93
167;PEILLON;6;92;93
164;PEONE;6;94;93
224;PEYMEINADE;6;95;93
200;PUGET-THENIERS;6;99;93
195;RIMPLAS;6;102;93
182;ROQUEBILLIERE;6;103;93
150;ROQUEBRUNE CAP MARTIN;6;104;93
228;SAINT LAURENT DU VAR;6;123;93
145;SAINT-ANDRE DE LA ROCHE;6;114;93
217;SAINT-CEZAIRE-SUR-SIAGNE;6;118;93
174;SAINT-ETIENNE-DE-TINEE;6;120;93
184;SAINT-JEAN-CAP-FERRAT;6;121;93
175;SAINT-MARTIN-DU-VAR;6;126;93
172;SAINT-MARTIN-VESUBIE;6;127;93
230;SAINT-PAUL-DE-VENCE;6;128;93
219;SAINT-VALLIER-DE-THIEY;6;130;93
161;SAINTE-AGNES;6;113;93
153;SAORGE;6;132;93
155;SOSPEL;6;136;93
154;TENDE;6;163;93
214;THEOULE-SUR-MER;6;138;93
188;TOUDON;6;141;93
199;UTELLE;6;151;93
222;VALBONNE;6;152;93
165;VALDEBLORE;6;153;93
216;VENCE;6;157;93
171;VILLARS-SUR-VAR;6;158;93
162;VILLEFRANCHE-SUR-MER;6;159;93
227;VILLENEUVE-LOUBET;6;161;93
203;VALLAURIS;6;155;93
201;LE CANNET;6;30;93
149;MENTON;6;83;93
204;ANTIBES;6;4;93
144;NICE;6;88;93
2918;ANGERVILLE;91;16;11
2917;ANGERVILLIERS;91;17;11
2873;ARPAJON;91;21;11
2849;ATHIS MONS;91;27;11
2858;BALLAINVILLIERS;91;44;11
2827;BALLANCOURT-SUR-ESSONNE;91;45;11
2896;BAULNE;91;47;11
2926;BIEVRES;91;64;11
2915;BOISSY-LE-CUTTE;91;80;11
2887;BOISSY-SOUS-SAINT-YON;91;85;11
2817;BONDOUFLE;91;86;11
2904;BOURAY-SUR-JUINE;91;95;11
2819;BOUSSY-SAINT-ANTOINE;91;97;11
2886;BOUTIGNY-SUR-ESSONNE;91;99;11
2871;BRETIGNY SUR ORGE;91;103;11
2906;BREUILLET;91;105;11
2907;BRIERES-LES-SCELLES;91;109;11
2920;BRIIS-SOUS-FORGES;91;111;11
2820;BRUNOY;91;114;11
2878;BRUYERES-LE-CHATEL;91;115;11
2928;BURES SUR YVETTE;91;122;11
2899;CERNY;91;129;11
2913;CHAMARANDE;91;132;11
2846;CHAMPCUEIL;91;135;11
2866;CHAMPLAN;91;136;11
2872;CHEPTAINVILLE;91;156;11
2856;CHILLY MAZARIN;91;161;11
2818;CORBEIL ESSONNES;91;174;11
2897;CORBREUSE;91;175;11
2826;COUDRAY-MONTCEAUX (LE);91;179;11
2905;COURANCES;91;180;11
2831;CROSNE;91;191;11
2903;D   HUISON LONGUEVILLE;91;198;11
2891;DOURDAN;91;200;11
2829;DRAVEIL;91;201;11
2875;EGLY;91;207;11
2865;EPINAY SUR ORGE;91;216;11
2841;EPINAY-SOUS-SENART;91;215;11
2885;ETAMPES;91;223;11
2822;ETIOLLES;91;225;11
2889;ETRECHY;91;226;11
2821;EVRY-COURCOURONNES;91;228;11
2898;FERTE-ALAIS (LA);91;232;11
2867;FLEURY-MEROGIS;91;235;11
2835;FONTENAY-LE-VICOMTE;91;244;11
2924;FORGES-LES-BAINS;91;249;11
2922;GIF SUR YVETTE;91;272;11
2935;GOMETZ-LA-VILLE;91;274;11
2937;GOMETZ-LE-CHATEL;91;275;11
2901;GUIGNEVILLE;91;293;11
2930;IGNY;91;312;11
2911;ITTEVILLE;91;315;11
2850;JUVISY SUR ORGE;91;326;11
2877;LA NORVILLE;91;457;11
2902;LARDY;91;330;11
2882;LE PLESSIS PATE;91;494;11
2925;LES ULIS;91;692;11
2883;LEUDEVILLE;91;332;11
2881;LEUVILLE-SUR-ORGE;91;333;11
2929;LIMOURS;91;338;11
2870;LINAS;91;339;11
2837;LISSES;91;340;11
2852;LONGJUMEAU;91;345;11
2876;LONGPONT-SUR-ORGE;91;347;11
2908;MAISSE;91;359;11
2919;MARCOUSSIS;91;363;11
2884;MAROLLES-EN-HUREPOIX;91;376;11
2853;MASSY;91;377;11
2823;MENNECY;91;386;11
2893;MILLY-LA-FORET;91;405;11
2832;MONTGERON;91;421;11
2869;MONTLHERY;91;425;11
2854;MORANGIS;91;432;11
2900;MORIGNY-CHAMPIGNY;91;433;11
2861;MORSANG-SUR-ORGE;91;434;11
2927;NOZAY;91;458;11
2880;OLLAINVILLE;91;461;11
2844;ORMOY;91;468;11
2888;ORMOY-LA-RIVIERE;91;469;11
2921;ORSAY;91;471;11
2923;PALAISEAU;91;477;11
2864;PARAY-VIEILLE-POSTE;91;479;11
2894;PUSSAY;91;511;11
2842;QUINCY-SOUS-SENART;91;514;11
2839;RIS-ORANGIS;91;521;11
2895;ROINVILLE-SOUS-DOURDAN;91;525;11
2892;SACLAS;91;533;11
2940;SACLAY;91;534;11
2910;SAINT-CYR-SOUS-DOURDAN;91;546;11
2879;SAINT-GERMAIN-LES-ARPAJON;91;552;11
2836;SAINT-GERMAIN-LES-CORBEIL;91;553;11
2939;SAINT-JEAN-DE-BEAUREGARD;91;560;11
2868;SAINT-MICHEL-SUR-ORGE;91;570;11
2828;SAINT-PIERRE-DU-PERRAY;91;573;11
2874;SAINT-VRAIN;91;579;11
2912;SAINT-YON;91;581;11
2851;SAINTE-GENEVIEVE-DES-BOIS;91;549;11
2838;SAINTRY-SUR-SEINE;91;577;11
2857;SAULX-LES-CHARTREUX;91;587;11
2848;SAVIGNY-SUR-ORGE;91;589;11
2890;SOISY-SUR-ECOLE;91;599;11
2833;SOISY-SUR-SEINE;91;600;11
2845;TIGERY;91;617;11
2909;VAL-SAINT-GERMAIN (LE);91;630;11
2830;VARENNES-JARCY;91;631;11
2934;VAUGRIGNEUSE;91;634;11
2914;VAYRES-SUR-ESSONNE;91;639;11
2931;VERRIERES LE BUISSON;91;645;11
2847;VERT LE GRAND;91;648;11
2840;VERT LE PETIT;91;649;11
2834;VIGNEUX SUR SEINE;91;657;11
2824;VILLABE;91;659;11
2932;VILLE-DU-BOIS (LA);91;665;11
2933;VILLEBON SUR YVETTE;91;661;11
2938;VILLEJUST;91;666;11
2863;VILLEMOISSON-S-ORGE;91;667;11
2916;VILLENEUVE-SUR-AUVERS;91;671;11
2936;VILLIERS-LE-BACLE;91;679;11
2860;VILLIERS-SUR-ORGE;91;685;11
2859;VIRY CHATILLON;91;687;11
2855;WISSOUS;91;689;11
2825;YERRES;91;691;11
2307;ACHERES-LA-FORET;77;1;11
2289;ANDREZEL;77;4;11
2352;ANNET-SUR-MARNE;77;5;11
2290;AVON;77;14;11
2369;BAILLY-ROMAINVILLIERS;77;18;11
2266;BARBIZON;77;22;11
2330;BASSEVELLE;77;24;11
2336;BEAUTHEIL-SAINTS;77;433;11
2314;BOIS LE ROI;77;37;11
2291;BOMBON;77;44;11
2260;BRIE COMTE ROBERT;77;53;11
2374;BROU-SUR-CHANTEREINE;77;55;11
2348;BUSSY-SAINT-GEORGES;77;58;11
2359;BUSSY-SAINT-MARTIN;77;59;11
2339;CANNES-ECLUSE;77;61;11
2393;CARNETIN;77;62;11
2276;CESSON;77;67;11
2396;CHAMBRY;77;77;11
2302;CHAMPAGNE SUR SEINE;77;79;11
2308;CHAMPDEUIL;77;81;11
2261;CHAMPEAUX;77;82;11
2357;CHAMPS-SUR-MARNE;77;83;11
2364;CHANTELOUP EN BRIE;77;85;11
2381;CHARMENTRAY;77;94;11
2274;CHARTRETTES;77;96;11
2278;CHATELET-EN-BRIE (LE);77;100;11
2394;CHAUCONIN-NEUFMONTIERS;77;335;11
2301;CHAUMES-EN-BRIE;77;107;11
2345;CHELLES;77;108;11
2299;CHEVRY-COSSIGNY;77;114;11
2323;CITRY;77;117;11
2341;CLAYE-SOUILLY;77;118;11
2354;COLLEGIEN;77;121;11
2262;COMBS LA VILLE;77;122;11
2331;CONDE-SAINTE-LIBIAIRE;77;125;11
2295;COUBERT;77;127;11
2328;COUILLY-PONT-AUX-DAMES;77;128;11
2318;COULOMMIERS;77;131;11
2366;COUPVRAY;77;132;11
2388;COURTRY;77;139;11
2329;CRECY LA CHAPELLE;77;142;11
2371;CREGY-LES-MEAUX;77;143;11
2389;CROISSY-BEAUBOURG;77;146;11
2324;CROUY-SUR-OURCQ;77;148;11
2275;DAMMARIE LES LYS;77;152;11
2361;DAMMARTIN-EN-GOELE;77;153;11
2379;DAMPMART;77;155;11
2334;DOUY-LA-RAMEE;77;163;11
2358;EMERAINVILLE;77;169;11
2322;ESBLY;77;171;11
2300;EVRY-GREGY-SUR-YERRE;77;175;11
2304;FAVIERES;77;177;11
2376;FERRIERES-EN-BRIE;77;181;11
2332;FERTE-GAUCHER (LA);77;182;11
2288;FONTAINEBLEAU;77;186;11
2317;FONTENAY-TRESIGNY;77;192;11
2401;GASTINS;77;201;11
2340;GENEVRAYE (LA);77;202;11
2391;GOUVERNES;77;209;11
2267;GRETZ-ARMAINVILLIERS;77;215;11
2277;GRISY-SUISNES;77;217;11
2395;GUERMANTES;77;221;11
2273;GUIGNES;77;222;11
2294;HERICY;77;226;11
2399;ISLES-LES-VILLENOY;77;232;11
2387;JOSSIGNY;77;237;11
2338;JOUARRE;77;238;11
2320;JOUY-SUR-MORIN;77;240;11
2321;LA FERTE SOUS JOUARRE;77;183;11
2356;LAGNY-SUR-MARNE;77;243;11
2259;LE MEE SUR SEINE;77;285;11
2370;LE PIN;77;363;11
2265;LESIGNY;77;249;11
2263;LIEUSAINT;77;251;11
2363;LOGNES;77;258;11
2347;LONGPERRIER;77;259;11
2280;MACHAULT;77;266;11
2365;MAGNY-LE-HONGRE;77;268;11
2406;MAISON-ROUGE;77;272;11
2327;MARY-SUR-MARNE;77;280;11
2256;MELUN;77;288;11
2397;MESSY;77;292;11
2377;MITRY MORY;77;294;11
2284;MOISSY-CRAMAYEL;77;296;11
2285;MONTEREAU FAULT YONNE;77;305;11
2350;MONTEVRAIN;77;307;11
2287;MONTIGNY-SUR-LOING;77;312;11
2296;MORET-LOING-ET-ORVANNE;77;316;11
2305;MORMANT;77;317;11
2325;MORTCERF;77;318;11
2405;MOUSSEAUX-LES-BRAY;77;321;11
2403;MOUY-SUR-SEINE;77;325;11
2270;NANDY;77;326;11
2402;NANGIS;77;327;11
2378;NANTEUIL-LES-MEAUX;77;330;11
2380;NANTOUILLET;77;332;11
2292;NEMOURS;77;333;11
2351;NOISIEL;77;337;11
2298;NOISY-SUR-ECOLE;77;339;11
2385;OISSERY;77;344;11
2404;ORMES-SUR-VOULZIE (LES);77;347;11
2386;OTHIS;77;349;11
2255;OZOIR LA FERRIERE;77;350;11
2392;POINCY;77;369;11
2353;POMPONNE;77;372;11
2272;PONTAULT COMBAULT;77;373;11
2310;PONTCARRE;77;374;11
2271;PRESLES-EN-BRIE;77;377;11
2282;PRINGY;77;378;11
2400;PROVINS;77;379;11
2319;QUINCY-VOISINS;77;382;11
2268;REAU;77;384;11
2316;REBAIS;77;385;11
2279;ROCHETTE(LA);77;389;11
2281;ROISSY-EN-BRIE;77;390;11
2326;ROZAY-EN-BRIE;77;393;11
2343;SAINT THIBAULT DES VIGNES;77;438;11
2264;SAINT-FARGEAU-PONTHIERRY;77;407;11
2311;SAINT-MAMMES;77;419;11
2383;SAINT-MARD;77;420;11
2315;SAINT-MARTIN-EN-BIERE;77;425;11
2360;SAINT-PATHUS;77;430;11
2286;SAINT-PIERRE-LES-NEMOURS;77;431;11
2312;SAINT-SAUVEUR-SUR-ECOLE;77;435;11
2335;SAINT-SIMEON;77;436;11
2384;SAINT-SOUPPLETS;77;437;11
2297;SAMOIS SUR SEINE;77;441;11
2269;SAVIGNY-LE-TEMPLE;77;445;11
2303;SEINE-PORT;77;447;11
2349;SERRIS;77;449;11
2254;SERVON;77;450;11
2313;SIVRY-COURTRY;77;453;11
2293;SOIGNOLLES-EN-BRIE;77;455;11
2283;SOLERS;77;457;11
2309;SOUPPES-SUR-LOING;77;458;11
2398;THIEUX;77;462;11
2368;THORIGNY SUR MARNE;77;464;11
2344;TORCY;77;468;11
2257;TOURNAN-EN-BRIE;77;470;11
2390;TRILBARDOU;77;474;11
2382;TRILPORT;77;475;11
2362;VAIRES SUR MARNE;77;479;11
2355;VARREDDES;77;483;11
2258;VAUX-LE-PENIL;77;487;11
2373;VILLENEUVE SOUS DAMMARTIN;77;511;11
2333;VILLENEUVE-SAINT-DENIS;77;510;11
2367;VILLENOY;77;513;11
2346;VILLEPARISIS;77;514;11
2375;VILLEVAUDE;77;517;11
2337;VILLIERS-SUR-MORIN;77;521;11
2306;VOULX;77;531;11
2342;MEAUX;77;284;11
798;MERIGNAC;33;281;75
800;TALENCE;33;522;75
839;AMBARES-ET-LAGRAVE;33;3;75
817;ANDERNOS-LES-BAINS;33;5;75
809;ARCACHON;33;9;75
829;ARES;33;11;75
820;ARTIGUES-PRES-BORDEAUX;33;13;75
837;AUDENGE;33;19;75
842;BARSAC;33;30;75
844;BASSENS;33;32;75
848;BAZAS;33;36;75
797;BEGLES;33;39;75
808;BIGANOS;33;51;75
794;BLANQUEFORT;33;56;75
864;BLAYE;33;58;75
785;BRUGES;33;75;75
811;CADAUJAC;33;80;75
807;CADILLAC;33;81;75
805;CANEJAN;33;90;75
810;CARBON BLANC;33;96;75
877;CARCANS;33;97;75
850;CARIGNAN-DE-BORDEAUX;33;99;75
793;CASTELNAU-DE-MEDOC;33;104;75
863;CASTILLON-LA-BATAILLE;33;108;75
855;CASTRES GIRONDE;33;109;75
814;CENON;33;119;75
806;CESTAS;33;122;75
869;COUTRAS;33;138;75
825;CREON;33;140;75
789;EYSINES;33;162;75
830;FARGUES SAINT HILAIRE;33;165;75
815;FLOIRAC;33;167;75
861;GENISSAC;33;185;75
799;GRADIGNAN;33;192;75
860;GRIGNOLS;33;195;75
813;GUJAN MESTRAS;33;199;75
838;HAUX;33;201;75
879;HOURTIN;33;203;75
857;LA BREDE;33;213;75
874;LA REOLE;33;352;75
812;LA TESTE-DE-BUCH;33;529;75
786;LACANAU;33;214;75
845;LANGOIRAN;33;226;75
831;LANGON;33;227;75
841;LANTON;33;229;75
836;LATRESNE;33;234;75
843;LE BARP;33;29;75
787;LE BOUSCAT;33;69;75
788;LE HAILLAN;33;200;75
792;LE TAILLAN MEDOC;33;519;75
823;LE TEICH;33;527;75
852;LE TOURNE;33;534;75
881;LE VERDON SUR MER;33;544;75
822;LEGE-CAP-FERRET;33;236;75
832;LEOGNAN;33;238;75
882;LESPARRE-MEDOC;33;240;75
856;LESTIAC-SUR-GARONNE;33;241;75
862;LIBOURNE;33;243;75
819;LORMONT;33;249;75
790;LUDON MEDOC;33;256;75
853;MARCHEPRIME;33;555;75
795;MARGAUX CANTENAC;33;268;75
804;MARTIGNAS SUR JALLE;33;273;75
851;MIOS;33;284;75
847;MONTUSSAN;33;293;75
791;MOULIS-EN-MEDOC;33;297;75
821;PAILLET;33;311;75
781;PAREMPUYRE;33;312;75
801;PESSAC;33;318;75
865;PINEUILH;33;324;75
834;PREIGNAC;33;337;75
780;SAINT AUBIN DE MEDOC;33;376;75
828;SAINT GERVAIS;33;415;75
803;SAINT JEAN D ILLAC;33;422;75
880;SAINT LAURENT MEDOC;33;424;75
858;SAINT LOUBES;33;433;75
782;SAINT MEDARD EN JALLES;33;449;75
849;SAINT-ANDRE-DE-CUBZAC;33;366;75
872;SAINT-CIERS-SUR-GIRONDE;33;389;75
875;SAINT-MACAIRE;33;435;75
867;SAINT-QUENTIN-DE-BARON;33;466;75
868;SAINT-SAVIN;33;473;75
884;SAINT-VIVIEN-DE-MEDOC;33;490;75
866;SAINT-YZAN-DE-SOUDIAC;33;492;75
859;SAINTE EULALIE;33;397;75
871;SAINTE-FOY-LA-GRANDE;33;402;75
826;SALLES;33;498;75
876;SAUVETERRE-DE-GUYENNE;33;506;75
878;SOULAC-SUR-MER;33;514;75
840;ST CAPRAIS DE BORDEAUX;33;381;75
835;ST LOUIS DE MONTFERRAND;33;434;75
824;ST SULPICE ET CAMEYRAC;33;483;75
870;ST-SEURIN-SUR-L ISLE;33;478;75
816;TOULENNE;33;533;75
827;TRESSES;33;535;75
873;VAYRES;33;539;75
883;VERTHEUIL;33;545;75
802;VILLENAVE D ORNON;33;550;75
846;YVRAC;33;554;75
779;BORDEAUX;33;63;75
3074;CERGY;95;127;11
3152;ANDILLY;95;14;11
3105;ARNOUVILLE;95;19;11
3128;ASNIERES-SUR-OISE;95;26;11
3072;AUVERS-SUR-OISE;95;39;11
3117;BAILLET-EN-FRANCE;95;42;11
3144;BEAUCHAMP;95;51;11
3079;BEAUMONT-SUR-OISE;95;52;11
3102;BELLOY-EN-FRANCE;95;56;11
3146;BESSANCOURT;95;60;11
3157;BEZONS;95;63;11
3092;BOISSY-L'AILLERIE;95;78;11
3125;BONNEUIL-EN-FRANCE;95;88;11
3115;BOUFFEMONT;95;91;11
3098;BRUYERES-SUR-OISE;95;116;11
3088;CHAMPAGNE SUR-OISE;95;134;11
3089;CHARS;95;142;11
3131;CHAUMONTEL;95;149;11
3159;CORMEILLES-EN-PARISIS;95;176;11
3083;CORMEILLES-EN-VEXIN;95;177;11
3084;COURDIMANCHE;95;183;11
3143;DEUIL LA BARRE;95;197;11
3104;DOMONT;95;199;11
3135;EAUBONNE;95;203;11
3109;ECOUEN;95;205;11
3140;ENGHIEN LES BAINS;95;210;11
3090;ENNERY;95;211;11
3069;ERAGNY-SUR-OISE;95;218;11
3134;ERMONT;95;219;11
3114;EZANVILLE;95;229;11
3130;FONTENAY-EN-PARISIS;95;241;11
3119;FOSSES;95;250;11
3136;FRANCONVILLE LA GARENNE;95;252;11
3138;FREPILLON;95;256;11
3108;GARGES-LES-GONESSE;95;268;11
3097;GENAINVILLE;95;270;11
3103;GONESSE;95;277;11
3101;GOUSSAINVILLE;95;280;11
3145;GROSLAY;95;288;11
3154;HERBLAY-SUR-SEINE;95;306;11
3076;JOUY-LE-MOUTIER;95;323;11
3073;L'ISLE-ADAM;95;313;11
3158;LA FRETTE-SUR-SEINE;95;257;11
3096;LA ROCHE-GUYON;95;523;11
3099;LABBEVILLE;95;328;11
3110;LE THILLAY;95;612;11
3118;LOUVRES;95;351;11
3121;LUZARCHES;95;352;11
3116;MAFFLIERS;95;353;11
3085;MAGNY-EN-VEXIN;95;355;11
3148;MARGENCY;95;369;11
3093;MARINES;95;370;11
3068;MENUCOURT;95;388;11
3080;MERIEL;95;392;11
3081;MERY-SUR-OISE;95;394;11
3127;MOISSELLES;95;409;11
3156;MONTIGNY LES CORMEILLES;95;424;11
3151;MONTLIGNON;95;426;11
3150;MONTMAGNY;95;427;11
3133;MONTMORENCY;95;428;11
3112;MONTSOULT;95;430;11
3071;NOINTEL;95;452;11
3077;OSNY;95;476;11
3082;PARMAIN;95;480;11
3091;PERSAN;95;487;11
3075;PIERRELAYE;95;488;11
3137;PLESSIS-BOUCHARD (LE);95;491;11
3067;PONTOISE;95;500;11
3129;PUISEUX-EN-FRANCE;95;509;11
3106;ROISSY-EN-FRANCE;95;527;11
3107;SAINT-BRICE-SOUS-FORET;95;539;11
3147;SAINT-PRIX;95;574;11
3113;SAINT-WITZ;95;580;11
3153;SANNOIS;95;582;11
3111;SARCELLES;95;585;11
3132;SEUGY;95;594;11
3149;SOISY SS MONTMORENCY;95;598;11
3142;ST GRATIEN;95;555;11
3141;ST LEU LA FORET;95;563;11
3070;ST OUEN L AUMONE;95;572;11
3126;SURVILLIERS;95;604;11
3139;TAVERNY;95;607;11
3095;VALMONDOIS;95;628;11
3086;VAUREAL;95;637;11
3123;VEMARS;95;641;11
3100;VETHEUIL;95;651;11
3124;VIARMES;95;652;11
3122;VILLERON;95;675;11
3094;VILLIERS-ADAM;95;678;11
3120;VILLIERS-LE-BEL;95;680;11
3155;ARGENTEUIL;95;18;11
2637;HYERES;83;69;93
2623;LA SEYNE SUR MER;83;126;93
2634;BANDOL;83;9;93
2626;SIX-FOURS-LES-PLAGES;83;129;93
2594;BAGNOLS-EN-FORET;83;8;93
2605;BARGEMON;83;11;93
2601;BARJOLS;83;12;93
2650;BELGENTIER;83;17;93
2643;BORMES-LES-MIMOSAS;83;19;93
2597;BRIGNOLES;83;23;93
2617;CABASSE;83;26;93
2596;CALLIAN;83;29;93
2653;CARNOULES;83;33;93
2633;CARQUEIRANNE;83;34;93
2591;CAVALAIRE-SUR-MER;83;36;93
2606;CLAVIERS;83;41;93
2581;COGOLIN;83;42;93
2656;COLLOBRIERES;83;43;93
2647;CUERS;83;49;93
2578;DRAGUIGNAN;83;50;93
2595;ENTRECASTEAUX;83;51;93
2648;EVENOS;83;53;93
2598;FAYENCE;83;55;93
2577;FREJUS;83;61;93
2604;GAREOULT;83;64;93
2609;GONFARON;83;67;93
2579;GRIMAUD;83;68;93
2641;LA CADIERE D AZUR;83;27;93
2645;LA CRAU;83;47;93
2584;LA CROIX VALMER;83;48;93
2644;LA FARLEDE;83;54;93
2622;LA GARDE;83;62;93
2640;LA LONDE LES MAURES;83;71;93
2627;LA VALETTE DU VAR;83;144;93
2638;LE BEAUSSET;83;16;93
2607;LE CANNET DES MAURES;83;31;93
2655;LE CASTELLET;83;35;93
2632;LE LAVANDOU;83;70;93
2613;LE LUC;83;73;93
2587;LE MUY;83;86;93
2628;LE PRADET;83;98;93
2631;LE REVEST LES EAUX;83;103;93
2593;LES ADRETS DE L ESTEREL;83;1;93
2610;LES ARCS;83;4;93
2600;LORGUES;83;72;93
2602;MONTAUROUX;83;81;93
2619;MONTFERRAT;83;82;93
2614;MONTFORT SUR ARGENS;83;83;93
2642;OLLIOULES;83;90;93
2649;PIERREFEU-DU-VAR;83;91;93
2588;PUGET-SUR-ARGENS;83;99;93
2646;PUGET-VILLE;83;100;93
2589;RAMATUELLE;83;101;93
2611;RIANS;83;104;93
2612;ROCBARON;83;106;93
2583;ROQUEBRUNE-SUR-ARGENS;83;107;93
2618;ROUGIERS;83;110;93
2580;SAINT RAPHAEL;83;118;93
2582;SAINT TROPEZ;83;119;93
2639;SAINT-CYR-SUR-MER;83;112;93
2630;SAINT-MANDRIER-SUR-MER;83;153;93
2585;SAINTE MAXIME;83;115;93
2615;SALERNES;83;121;93
2635;SANARY SUR MER;83;123;93
2599;SEILLANS;83;124;93
2654;SIGNES;83;127;93
2636;SOLLIES-PONT;83;130;93
2652;SOLLIES-TOUCAS;83;131;93
2651;SOLLIES-VILLE;83;132;93
2621;ST MAXIMIN LA STE BAUME;83;116;93
2608;TOURRETTES;83;138;93
2620;TOURTOUR;83;139;93
2603;TOURVES;83;140;93
2616;VIDAUBAN;83;148;93
2624;TOULON;83;137;93
2990;SAINT-DENIS;93;66;11
2989;AUBERVILLIERS;93;1;11
3006;AULNAY SOUS BOIS;93;5;11
2981;BAGNOLET;93;6;11
2983;BOBIGNY;93;8;11
2986;BONDY;93;10;11
3004;CLICHY SOUS BOIS;93;14;11
3002;COUBRON;93;15;11
2985;DRANCY;93;29;11
2999;DUGNY;93;30;11
2992;EPINAY SUR SEINE;93;31;11
3011;GAGNY;93;32;11
3013;GOURNAY SUR MARNE;93;33;11
2998;L'ILE-SAINT-DENIS;93;39;11
2991;LA COURNEUVE;93;27;11
3008;LE BLANC-MESNIL;93;7;11
2996;LE BOURGET;93;13;11
2978;LE PRE-SAINT-GERVAIS;93;61;11
3014;LE RAINCY;93;62;11
2980;LES LILAS;93;45;11
2984;LES PAVILLONS-SOUS-BOIS;93;57;11
3005;LIVRY-GARGAN;93;46;11
3015;MONTFERMEIL;93;47;11
3010;NEUILLY-PLAISANCE;93;49;11
3009;NEUILLY-SUR-MARNE;93;50;11
3012;NOISY-LE-GRAND;93;51;11
2982;NOISY-LE-SEC;93;53;11
2987;PANTIN;93;55;11
2994;PIERREFITTE-SUR-SEINE;93;59;11
2979;ROMAINVILLE;93;63;11
3017;ROSNY-SOUS-BOIS;93;64;11
2988;SAINT-OUEN-SUR-SEINE;93;70;11
3003;SEVRAN;93;71;11
2995;STAINS;93;72;11
3001;TREMBLAY-EN-FRANCE;93;73;11
3000;VAUJOURS;93;74;11
3018;VILLEMOMBLE;93;77;11
3007;VILLEPINTE;93;78;11
2997;VILLETANEUSE;93;79;11
3016;MONTREUIL;93;48;11
327;MARSEILLE 8EME;13;208;93
314;MARSEILLE 4EME;13;204;93
315;MARSEILLE 1ER;13;201;93
342;MARSEILLE 13EME;13;213;93
325;MARSEILLE 9EME;13;209;93
331;LA CIOTAT;13;28;93
350;AIX EN PROVENCE;13;1;93
347;ALLAUCH;13;2;93
359;ARLES;13;4;93
326;AUBAGNE;13;5;93
333;AURIOL;13;7;93
328;CARNOUX-EN-PROVENCE;13;119;93
329;CASSIS;13;22;93
353;CHATEAUNEUF-LES-MARTIGUES;13;26;93
362;CHATEAURENARD;13;27;93
341;CUGES LES PINS;13;30;93
352;ENSUES-LA-REDONNE;13;33;93
361;EYGUIERES;13;35;93
357;EYRAGUES;13;36;93
340;GEMENOS;13;42;93
356;GIGNAC-LA-NERTHE;13;43;93
360;GRAVESON;13;45;93
339;GREASQUE;13;46;93
335;LA BOUILLADISSE;13;16;93
332;LA DESTROUSSE;13;31;93
334;LA PENNE SUR HUVEAUNE;13;70;93
355;MARIGNANE;13;54;93
321;MARSEILLE 10EME;13;210;93
345;MARSEILLE 11EME;13;211;93
343;MARSEILLE 12EME;13;212;93
319;MARSEILLE 14EME;13;214;93
317;MARSEILLE 15EME;13;215;93
316;MARSEILLE 16EME;13;216;93
313;MARSEILLE 2EME;13;202;93
318;MARSEILLE 3EME;13;203;93
323;MARSEILLE 5EME;13;205;93
324;MARSEILLE 6EME;13;206;93
322;MARSEILLE 7EME;13;207;93
348;MIRAMAS;13;63;93
338;PEYPIN;13;73;93
344;PLAN DE CUQUES;13;75;93
337;ROQUEFORT LA BEDOULE;13;85;93
330;ROQUEVAIRE;13;86;93
351;ROUSSET;13;87;93
336;SAINT SAVOURNIN;13;101;93
358;SAINT-REMY-DE-PROVENCE;13;100;93
349;SALON-DE-PROVENCE;13;103;93
354;VITROLLES;13;117;93
1294;AIGREFEUILLE SUR MAINE;44;2;52
1302;ANCENIS-SAINT-GEREON;44;3;52
1290;BASSE-GOULAINE;44;9;52
1346;BATZ-SUR-MER;44;10;52
1328;BESNE;44;13;52
1329;BLAIN;44;15;52
1306;BOUAYE;44;18;52
1287;BOUGUENAIS;44;20;52
1341;CAMPBON;44;25;52
1295;CARQUEFOU;44;26;52
1313;CHAPELLE-HEULIN (LA);44;32;52
1285;CHAPELLE-SUR-ERDRE (LA);44;35;52
1354;CHATEAUBRIANT;44;36;52
1304;CLISSON;44;43;52
1327;COUERON;44;47;52
1340;DONGES;44;52;52
1308;GRANDCHAMP-DES-FONTAINES;44;66;52
1335;GUEMENE PENFAO;44;67;52
1344;GUERANDE;44;69;52
1299;HAIE-FOUASSIERE (LA);44;70;52
1283;INDRE;44;74;52
1314;LA BERNERIE EN RETZ;44;12;52
1321;LA MONTAGNE;44;101;52
1318;LA PLAINE-SUR-MER;44;126;52
1345;LA TURBALLE;44;211;52
1349;LE CROISIC;44;49;52
1343;LE POULIGUEN;44;135;52
1338;LE TEMPLE DE BRETAGNE;44;203;52
1292;LIGNE;44;82;52
1311;LOIREAUXENCE;44;213;52
1309;LOROUX-BOTTEREAU (LE);44;84;52
1296;MACHECOUL-SAINT-MEME;44;87;52
1303;MAISDON-SUR-SEVRE;44;88;52
1348;MESQUER;44;97;52
1331;MISSILLAC;44;98;52
1332;MONTOIR-DE-BRETAGNE;44;103;52
1298;MOUZEIL;44;107;52
1353;NORT SUR ERDRE;44;110;52
1300;ORVAULT;44;114;52
1323;PAIMBOEUF;44;116;52
1322;PELLERIN (LE);44;120;52
1351;PIRIAC-SUR-MER;44;125;52
1307;PONT-SAINT-MARTIN;44;130;52
1316;PORNIC;44;131;52
1325;PORNICHET;44;132;52
1324;PREFAILLES;44;136;52
1286;REZE;44;143;52
1310;RIAILLE;44;144;52
1315;SAINT BREVIN LES PINS;44;154;52
1352;SAINT MOLF;44;183;52
1350;SAINT-ANDRE-DES-EAUX;44;151;52
1333;SAINT-ETIENNE-DE-MONTLUC;44;158;52
1305;SAINT-JULIEN-DE-CONCELLES;44;169;52
1336;SAINT-MALO-DE-GUERSAC;44;176;52
1317;SAINT-MICHEL-CHEF-CHEF;44;182;52
1326;SAINT-NAZAIRE;44;184;52
1339;SAINT-NICOLAS-DE-REDON;44;185;52
1320;SAINT-PERE-EN-RETZ;44;187;52
1319;SAINTE PAZANNE;44;186;52
1297;SAINTE-LUCE-SUR-LOIRE;44;172;52
1337;SAINTE-REINE-DE-BRETAGNE;44;189;52
1312;SAUTRON;44;194;52
1334;SAVENAY;44;195;52
1293;SORINIERES (LES);44;198;52
1278;ST SEBASTIEN SUR LOIRE;44;190;52
1289;ST-PHILBERT-DE-GRAND-LIEU;44;188;52
1288;SUCE-SUR-ERDRE;44;201;52
1284;THOUARE-SUR-LOIRE;44;204;52
1291;TREILLIERES;44;209;52
1330;TRIGNAC;44;210;52
1301;VERTOU;44;215;52
1342;VIGNEUX DE BRETAGNE;44;217;52
1282;ST-HERBLAIN;44;162;52
1347;LA BAULE-ESCOUBLAC;44;55;52
1277;NANTES;44;109;52
1055;GRENOBLE;38;185;84
1079;ALLEVARD;38;6;84
1121;ANTHON;38;11;84
1112;AURIS;38;20;84
1100;AUTRANS-MEAUDRE EN VERCORS;38;225;84
1130;BEAUCROISSANT;38;30;84
1111;BESSE;38;40;84
1063;BIVIERS;38;45;84
1116;BOURGOIN-JALLIEU;38;53;84
1088;BRIE-ET-ANGONNES;38;59;84
1084;CHAMROUSSE;38;567;84
1108;CLAIX;38;111;84
1067;CORENC;38;126;84
1109;CORPS;38;128;84
1105;CORRENCON-EN-VERCORS;38;129;84
1076;CRETS EN BELLEDONNE;38;439;84
1095;CROLLES;38;140;84
1070;DOMENE;38;150;84
1061;ECHIROLLES;38;151;84
1065;EYBENS;38;158;84
1103;FONTAINE;38;169;84
1075;FONTANIL-CORNILLON;38;170;84
1071;FROGES;38;175;84
1057;GIERES;38;179;84
1089;GONCELIN;38;181;84
1096;GRESSE-EN-VERCORS;38;186;84
1097;HUEZ;38;191;84
1133;IZEAUX;38;194;84
1119;L'ISLE-D'ABEAU;38;193;84
1085;LA BUISSE;38;61;84
1068;LA TERRASSE;38;503;84
1058;LA TRONCHE;38;516;84
1120;LA VERPILLIERE;38;537;84
1113;LANS-EN-VERCORS;38;205;84
1110;LE BOURG-D'OISANS;38;52;84
1093;LE CHEYLAS;38;100;84
1114;LE GUA;38;187;84
1081;LE HAUT-BREDA;38;163;84
1107;LE PONT-DE-CLAIX;38;317;84
1092;LE VERSOUD;38;538;84
1091;LES ADRETS;38;2;84
1098;LES DEUX ALPES;38;253;84
1059;MEYLAN;38;229;84
1129;MOIRANS;38;239;84
1060;MONTBONNOT-SAINT-MARTIN;38;249;84
1086;NOTRE-DAME-DE-MESAGE;38;279;84
1066;POISAT;38;309;84
1122;PONT-DE-CHERUY;38;316;84
1072;PONTCHARRA;38;314;84
1123;RIVES;38;337;84
1132;ROYBON;38;347;84
1115;SAINT-CLAIR-DE-LA-TOUR;38;377;84
1074;SAINT-EGREVE;38;382;84
1094;SAINT-ETIENNE-DE-CROSSEY;38;383;84
1124;SAINT-ETIENNE-DE-SAINT-GEOIRS;38;384;84
1131;SAINT-GEOIRS;38;387;84
1064;SAINT-ISMIER;38;397;84
1126;SAINT-JEAN-DE-MOIRANS;38;400;84
1118;SAINT-JUST-CHALEYSSIN;38;408;84
1125;SAINT-MARCELLIN;38;416;84
1056;SAINT-MARTIN-D'HERES;38;421;84
1082;SAINT-MARTIN-D'URIAGE;38;422;84
1077;SAINT-MARTIN-LE-VINOUX;38;423;84
1062;SAINT-NAZAIRE-LES-EYMES;38;431;84
1087;SAINT-PIERRE-DE-CHARTREUSE;38;442;84
1099;SASSENAGE;38;474;84
1101;SEYSSINET-PARISET;38;485;84
1078;TENCIN;38;501;84
1127;TULLINS;38;517;84
1104;VAUJANY;38;527;84
1090;VAULNAVEYS-LE-BAS;38;528;84
1080;VILLARD-BONNOT;38;547;84
1102;VILLARD-DE-LANS;38;548;84
1117;VILLEFONTAINE;38;553;84
1128;VINAY;38;559;84
1073;VIZILLE;38;562;84
1069;VOIRON;38;563;84
1083;VOREPPE;38;565;84
1652;ALLENNES-LES-MARAIS;59;5;32
1694;ANZIN;59;14;32
1670;ARMENTIERES;59;17;32
1655;AVELIN;59;34;32
1679;BAILLEUL;59;43;32
1665;BERSEE;59;71;32
1675;BONDUES;59;90;32
1689;CAMBRAI;59;122;32
1688;CAUDRY;59;139;32
1639;CROIX;59;163;32
1662;CYSOING;59;168;32
1697;DENAIN;59;172;32
1673;DEULEMONT;59;173;32
1681;DOUAI;59;178;32
1649;ENNETIERES-EN-WEPPES;59;196;32
1630;FACHES THUMESNIL;59;220;32
1685;FAUMONT;59;222;32
1638;FOURNES-EN-WEPPES;59;250;32
1678;GRANDE-SYNTHE;59;271;32
1663;HALLENNES-LEZ-HAUBOURDIN;59;278;32
1672;HALLUIN;59;279;32
1695;HASNON;59;284;32
1657;HAUBOURDIN;59;286;32
1680;HAZEBROUCK;59;295;32
1664;HEM;59;299;32
1626;LA MADELEINE;59;368;32
1629;LAMBERSART;59;328;32
1682;LAMBRES LEZ DOUAI;59;329;32
1648;LANNOY;59;332;32
1647;LESQUIN;59;343;32
1676;LINSELLES;59;352;32
1650;LOOS;59;360;32
1640;LYS LEZ LANNOY;59;367;32
1667;MARCQ EN BAROEUL;59;378;32
1692;MARLY;59;383;32
1636;MARQUETTE-LEZ-LILLE;59;386;32
1687;MAUBEUGE;59;392;32
1628;MONS EN BAROEUL;59;410;32
1666;MOUVAUX;59;421;32
1674;NEUVILLE EN FERRAIN;59;426;32
1686;PECQUENCOURT;59;456;32
1671;PERENCHIES;59;457;32
1646;PHALEMPIN;59;462;32
1660;PONT-A-MARCQ;59;466;32
1677;QUESNOY SUR DEULE;59;482;32
1690;RAISMES;59;491;32
1635;RONCHIN;59;507;32
1668;RONCQ;59;508;32
1642;ROUBAIX;59;512;32
1693;SAINT-AMAND-LES-EAUX;59;526;32
1633;SAINT-ANDRE;59;527;32
1659;SECLIN;59;560;32
1651;SEQUEDIN;59;566;32
1683;SIN LE NOBLE;59;569;32
1684;SOMAIN;59;574;32
1661;TEMPLEUVE EN PEVELE;59;586;32
1669;TOURCOING;59;599;32
1696;TRITH-ST-LEGER;59;603;32
1691;VALENCIENNES;59;606;32
1637;VILLENEUVE-D'ASCQ;59;9;32
1634;WAMBRECHIES;59;636;32
1654;WASQUEHAL;59;646;32
1653;WATTIGNIES;59;648;32
1643;WATTRELOS;59;650;32
1645;WAVRIN;59;653;32
1656;WILLEMS;59;660;32
1627;LILLE;59;350;32
936;ASSAS;34;14;76
918;BAILLARGUES;34;22;76
924;BALARUC LE VIEUX;34;24;76
904;BALARUC LES BAINS;34;23;76
923;BEAULIEU;34;27;76
950;BEDARIEUX;34;28;76
945;BEZIERS;34;32;76
957;BOUJAN-SUR-LIBRON;34;37;76
903;BOUZIGUES;34;39;76
895;CASTELNAU LE LEZ;34;57;76
917;CASTRIES;34;58;76
954;CAUX;34;63;76
932;CAZILHAC;34;67;76
944;CESSERAS;34;75;76
908;CLERMONT L HERAULT;34;79;76
937;ENTRE-VIGNES;34;246;76
900;FRONTIGNAN;34;108;76
906;GANGES;34;111;76
913;GIGEAN;34;113;76
940;GIGNAC;34;114;76
899;GRABELS;34;116;76
914;JACOU;34;120;76
891;JUVIGNAC;34;123;76
894;LA GRANDE MOTTE;34;344;76
956;LAMALOU-LES-BAINS;34;126;76
920;LAROQUE;34;128;76
896;LATTES;34;129;76
893;LE CRES;34;90;76
929;LODEVE;34;142;76
931;LOUPIAN;34;143;76
907;LUNEL;34;145;76
949;MARSEILLAN;34;150;76
912;MARSILLARGUES;34;151;76
915;MAS-DE-LONDRES;34;152;76
890;MAUGUIO;34;154;76
910;MEZE;34;157;76
955;MONTADY;34;161;76
942;MONTARNAUD;34;163;76
921;MONTBAZIN;34;165;76
885;MONTPELLIER;34;172;76
941;MONTPEYROUX;34;173;76
938;NEBIAN;34;180;76
889;PALAVAS-LES-FLOTS;34;192;76
892;PEROLS;34;198;76
948;PEZENAS;34;199;76
928;PLAISSAN;34;204;76
959;POMEROLS;34;207;76
958;PORTIRAGNES;34;209;76
919;POUSSAN;34;213;76
935;POUZOLS;34;215;76
922;PRADES-LE-LEZ;34;217;76
953;PUISSERGUIER;34;225;76
916;SAINT CLEMENT DE RIVIERE;34;247;76
933;SAINT PAUL ET VALMALLE;34;282;76
934;SAINT-ANDRE-DE-SANGONIS;34;239;76
897;SAINT-AUNES;34;240;76
927;SAINT-BRES;34;244;76
939;SAINT-DREZERY;34;249;76
930;SAINT-FELIX-DE-LODEZ;34;254;76
909;SAINT-GELY-DU-FESC;34;255;76
898;SAINT-JEAN-DE-VEDAS;34;270;76
925;SAINT-SERIES;34;288;76
946;SERIGNAN;34;299;76
911;SUSSARGUES;34;307;76
943;VALRAS-PLAGE;34;324;76
905;VENDARGUES;34;327;76
951;VENDRES;34;329;76
952;VIAS;34;332;76
902;VIC-LA-GARDIOLE;34;333;76
926;VILLENEUVE-LES-MAGUELONE;34;337;76
947;AGDE;34;3;76
901;SETE;34;301;76
1010;SAINT-MALO;35;288;53
977;ACIGNE;35;1;53
1005;BAIN-DE-BRETAGNE;35;12;53
992;BEDEE;35;23;53
963;BETTON;35;24;53
1009;BOURG-DES-COMPTES;35;33;53
961;BOURGBARRE;35;32;53
984;BREAL-SOUS-MONTFORT;35;37;53
990;BRETEIL;35;40;53
970;BRUZ;35;47;53
1014;CANCALE;35;49;53
964;CESSON-SEVIGNE;35;51;53
968;CHANTEPIE;35;55;53
971;CHARTRES-DE-BRETAGNE;35;66;53
1029;CHATEAUBOURG;35;68;53
988;CHATEAUGIRON;35;69;53
981;CHAVAGNE;35;76;53
1011;DINARD;35;93;53
1016;DOL DE BRETAGNE;35;95;53
1026;DOMAGNE;35;96;53
1003;GOVEN;35;123;53
1007;GUICHEN;35;126;53
998;HEDE-BAZOUGES;35;130;53
982;IRODOUER;35;135;53
993;JANZE;35;136;53
997;L'HERMITAGE;35;131;53
1006;LA CHAPELLE BOUEXIC;35;57;53
975;LA CHAPELLE DES FOUGERETZ;35;59;53
1019;LA GOUESNIERE;35;122;53
1027;LA GUERCHE-DE-BRETAGNE;35;125;53
999;LA MEZIERE;35;177;53
1020;LA RICHARDAIS;35;241;53
989;LE RHEU;35;240;53
1022;LE TRONCHET;35;362;53
987;LIFFRE;35;152;53
980;MELESSE;35;173;53
1018;MINIAC-MORVAN;35;179;53
986;MONTAUBAN-DE-BRETAGNE;35;184;53
996;MONTFORT-SUR-MEU;35;188;53
1002;MONTREUIL-SUR-ILLE;35;195;53
985;MORDELLES;35;196;53
991;NOUVOITOU;35;204;53
966;NOYAL-CHATILLON-SUR-SEICHE;35;206;53
979;ORGERES;35;208;53
960;PACE;35;210;53
978;PARTHENAY-DE-BRETAGNE;35;216;53
1012;PLEUGUENEUC;35;226;53
1015;PLEURTUIT;35;228;53
1008;POLIGNE;35;231;53
976;PONT-PEAN;35;363;53
1004;REDON;35;236;53
1030;RETIERS;35;239;53
1023;ROZ-SUR-COUESNON;35;247;53
1000;SAINT-ARMEL;35;250;53
983;SAINT-AUBIN-D AUBIGNE;35;251;53
1017;SAINT-BRIAC-SUR-MER;35;256;53
1021;SAINT-DOMINEUC;35;265;53
973;SAINT-GREGOIRE;35;278;53
1025;SAINT-JOUAN-DES-GUERETS;35;284;53
1013;SAINT-LUNAIRE;35;287;53
995;SAINT-MEEN-LE-GRAND;35;297;53
1024;SAINT-MELOIR-DES-ONDES;35;299;53
1001;SENS-DE-BRETAGNE;35;326;53
972;ST JACQUES DE LA LANDE;35;281;53
994;THORIGNE-FOUILLARD;35;334;53
1031;VAL-D'IZE;35;347;53
974;VERN-SUR-SEICHE;35;352;53
969;VEZIN-LE-COQUET;35;353;53
1028;VITRE;35;360;53
962;RENNES;35;238;53
2229;LE HAVRE;76;351;28
2198;ROUEN;76;540;28
2210;AMFREVILLE-LA-MIVOIE;76;5;28
2223;ARQUES-LA-BATAILLE;76;26;28
2215;BARENTIN;76;57;28
2219;BIHOREL;76;95;28
2216;BOIS GUILLAUME;76;108;28
2243;BOLBEC;76;114;28
2202;BONSECOURS;76;103;28
2244;BREAUTE;76;141;28
2214;CANTELEU;76;157;28
2206;CAUDEBEC-LES-ELBEUF;76;165;28
2213;DARNETAL;76;212;28
2218;DEVILLE-LES-ROUEN;76;216;28
2222;DIEPPE;76;217;28
2207;ELBEUF;76;231;28
2239;ETRETAT;76;254;28
2225;EU;76;255;28
2236;FECAMP;76;259;28
2245;FORGES-LES-EAUX;76;276;28
2241;GONFREVILLE L ORCHER;76;305;28
2246;GOURNAY-EN-BRAY;76;312;28
2201;GRAND QUEVILLY (LE);76;322;28
2253;GREMONVILLE;76;325;28
2233;GRUCHET-LE-VALASSE;76;329;28
2231;HARFLEUR;76;341;28
2237;LANQUETOT;76;382;28
2224;LE TREPORT;76;711;28
2238;LILLEBONNE;76;384;28
2242;MANIQUERVILLE;76;406;28
2212;MAROMME;76;410;28
2200;MESNIL-ESNARD (LE);76;429;28
2211;MONT-SAINT-AIGNAN;76;451;28
2232;MONTIVILLIERS;76;447;28
2220;NOTRE-DAME-DE-BONDEVILLE;76;474;28
2203;PETIT QUEVILLY (LE);76;498;28
2204;PETIT-COURONNE (LE);76;497;28
2240;PORT-JEROME-SUR-SEINE;76;476;28
2247;RIVES-EN-SEINE;76;164;28
2251;SAINT MARTIN AUX BUNEAUX;76;613;28
2209;SAINT PIERRE LES ELBEUF;76;640;28
2197;SAINT-ETIENNE-DU-ROUVRAY;76;575;28
2235;SAINT-LAURENT-DE-BREVEDENT;76;596;28
2217;SAINT-LEGER-DU-BOURG-DENIS;76;599;28
2250;SAINT-PIERRE-EN-PORT;76;637;28
2234;SAINT-ROMAIN-DE-COLBOSC;76;647;28
2248;SAINT-VALERY-EN-CAUX;76;655;28
2205;SOTTEVILLE-LES-ROUEN;76;681;28
2230;STE ADRESSE;76;552;28
2208;TOURVILLE-LA-RIVIERE;76;705;28
2221;VILLERS ECALLES;76;743;28
2252;YERVILLE;76;752;28
2249;YVETOT;76;758;28
664;AIGUES-MORTES;30;3;76
679;AIGUES-VIVES;30;4;76
687;AIMARGUES;30;6;76
722;ALES;30;7;76
728;ANDUZE;30;10;76
691;ARRIGAS;30;17;76
686;AUBORD;30;20;76
717;BAGNOLS SUR CEZE;30;28;76
702;BEAUCAIRE;30;32;76
701;BELLEGARDE;30;34;76
678;BERNIS;30;36;76
725;BESSEGES;30;37;76
673;BOUILLARGUES;30;47;76
670;CAISSARGUES;30;60;76
667;CALVISSON;30;62;76
713;CASTILLON-DU-GARD;30;73;76
694;CAVEIRAC;30;75;76
672;CLARENSAC;30;82;76
690;CODOGNAN;30;83;76
668;DURFORT-ET-SAINT-MARTIN-DE-;30;106;76
677;GALLARGUES-LE-MONTUEUX;30;123;76
674;GARONS;30;125;76
681;GARRIGUES SAINTE EULALIE;30;126;76
699;GENERAC;30;128;76
683;LA CALMETTE;30;61;76
727;LA GRAND COMBE;30;132;76
684;LASALLE;30;140;76
700;LAUDUN-L ARDOISE;30;141;76
695;LE VIGAN;30;350;76
708;LES ANGLES;30;11;76
705;MARGUERITTES;30;156;76
706;MEYNES;30;166;76
671;MILHAUD;30;169;76
724;MOLIERES-SUR-CEZE;30;171;76
719;MONTAREN-ET-SAINT-MEDIERS;30;174;76
720;MONTFRIN;30;179;76
711;PONT ST ESPRIT;30;202;76
723;PORTES;30;203;76
710;POULX;30;206;76
692;QUISSAC;30;210;76
709;REMOULINS;30;212;76
707;ROCHEFORT-DU-GARD;30;217;76
688;RODILHAN;30;356;76
721;ROQUEMAURE;30;221;76
676;SAINT ANDRE DE VALBORGNE;30;231;76
680;SAINT-DIONISY;30;249;76
726;SAINT-FLORENT-SUR-AUZONNET;30;253;76
693;SAINT-GENIES-DE-MALGOIRES;30;255;76
714;SAINT-HILAIRE-D OZILHAN;30;260;76
685;SAINT-LAURENT-D AIGOUZE;30;276;76
715;SAINT-PAULET-DE-CAISSON;30;290;76
689;SARDAN;30;309;76
682;SAUVE;30;311;76
718;SAZE;30;315;76
716;SERNHAC;30;317;76
675;SOMMIERES;30;321;76
712;ST GILLES;30;258;76
697;ST HIPPOLYTE DU FORT;30;263;76
696;SUMENE;30;325;76
698;UZES;30;334;76
669;VAUVERT;30;341;76
703;VILLENEUVE LES AVIGNON;30;351;76
663;LE GRAU DU ROI;30;133;76
666;NIMES;30;189;76
1706;ANDEVILLE;60;12;32
1726;ATTICHY;60;25;32
1751;AVILLY ST LEONARD;60;33;32
1698;BEAUVAIS;60;57;32
1754;BETHISY ST MARTIN;60;67;32
1760;BETHISY ST PIERRE;60;68;32
1759;BORAN SUR OISE;60;86;32
1701;BORNEL;60;88;32
1730;CAMBRONNE LES RIBECOURT;60;119;32
1757;CHAMBLY;60;139;32
1739;CHANTILLY;60;141;32
1704;CHAUMONT-EN-VEXIN;60;143;32
1734;CIRES LES MELLO;60;155;32
1720;CLAIROIX;60;156;32
1711;CLERMONT;60;157;32
1718;COMPIEGNE;60;159;32
1761;COYE LA FORET;60;172;32
1765;CRAMOISY;60;173;32
1741;CREIL;60;175;32
1748;CREPY EN VALOIS;60;176;32
1716;CREVECOEUR LE GRAND;60;178;32
1736;DIEUDONNE;60;197;32
1713;FITZ JAMES;60;234;32
1745;FLEURINES;60;238;32
1707;GOINCOURT;60;277;32
1740;GOUVIEUX;60;282;32
1727;JAUX;60;325;32
1744;LA CHAPELLE EN SERVAL;60;142;32
1717;LA RUE ST PIERRE;60;559;32
1705;LABOISSIERE EN THELLE;60;330;32
1725;LACHELLE;60;337;32
1723;LACROIX ST OUEN;60;338;32
1714;LAIGNEVILLE;60;342;32
1752;LAMORLAYE;60;346;32
1771;LE MESNIL EN THELLE;60;398;32
1729;LE MEUX;60;402;32
1763;LE PLESSIS BELLEVILLE;60;500;32
1758;LEVIGNEN;60;358;32
1712;LIANCOURT;60;360;32
1709;LOCONVILLE;60;367;32
1719;MARGNY LES COMPIEGNE;60;382;32
1699;MERU;60;395;32
1747;MONTATAIRE;60;414;32
1764;MORTEFONTAINE;60;432;32
1715;MOUY;60;439;32
1742;NANTEUIL LE HAUDOUIN;60;446;32
1768;NEUILLY EN THELLE;60;450;32
1702;NOAILLES;60;462;32
1733;NOGENT SUR OISE;60;463;32
1721;NOYON;60;471;32
1749;ORRY LA VILLE;60;482;32
1767;PEROY LES GOMBRIES;60;489;32
1772;PLAILLY;60;494;32
1732;PONT STE MAXENCE;60;509;32
1737;PRECY SUR OISE;60;513;32
1710;RANTIGNY;60;524;32
1722;RIBECOURT DRESLINCOURT;60;537;32
1735;SAINTINES;60;578;32
1738;SENLIS;60;612;32
1753;ST LEU D ESSERENT;60;584;32
1750;ST MAXIMIN;60;589;32
1731;ST VAAST LES MELLO;60;601;32
1708;STE GENEVIEVE;60;575;32
1756;THIVERNY;60;635;32
1728;THOUROTTE;60;636;32
1700;TRIE CHATEAU;60;644;32
1703;VALDAMPIERRE;60;652;32
1724;VENETTE;60;665;32
1769;VER SUR LAUNETTE;60;666;32
1755;VERBERIE;60;667;32
1746;VERNEUIL EN HALATTE;60;670;32
1743;VILLERS ST PAUL;60;684;32
1762;VINEUIL ST FIRMIN;60;695;32
1234;ANDREZIEUX-BOUTHEON;42;5;84
1256;BALBIGNY;42;11;84
1236;BOEN-SUR-LIGNON;42;19;84
1258;BRIENNON;42;26;84
1246;CHALMAZEL-JEANSAGNIERE;42;39;84
1249;CHARLIEU;42;52;84
1226;CHAVANAY;42;56;84
1235;CHAZELLES SUR LYON;42;59;84
1228;FARNAY;42;93;84
1242;FEURS;42;94;84
1210;FIRMINY;42;95;84
1224;FRAISSES;42;99;84
1209;GENILAC;42;225;84
1220;L ETRAT;42;92;84
1231;L HORME;42;110;84
1219;LA FOUILLOUSE;42;97;84
1215;LA GRAND-CROIX;42;103;84
1213;LA RICAMARIE;42;183;84
1207;LA TALAUDIERE;42;305;84
1223;LE CHAMBON-FEUGEROLLES;42;44;84
1254;LE COTEAU;42;71;84
1222;LORETTE;42;123;84
1255;MABLY;42;127;84
1237;MONTBRISON;42;147;84
1239;MONTROND-LES-BAINS;42;149;84
1253;NEULISE;42;156;84
1218;PELUSSIN;42;168;84
1257;PERREUX;42;170;84
1247;PRECIEUX;42;180;84
1252;RIORGES;42;184;84
1227;RIVE-DE-GIER;42;186;84
1248;ROANNE;42;187;84
1214;ROCHE-LA-MOLIERE;42;189;84
1208;SAINT GENEST LERPT;42;223;84
1244;SAINT-BONNET-LE-CHATEAU;42;204;84
1212;SAINT-CHAMOND;42;207;84
1241;SAINT-GALMIER;42;222;84
1259;SAINT-HAON-LE-CHATEL;42;232;84
1206;SAINT-JEAN-BONNEFONDS;42;237;84
1216;SAINT-JOSEPH;42;242;84
1251;SAINT-JUST-EN-CHEVALET;42;248;84
1240;SAINT-JUST-SAINT-RAMBERT;42;279;84
1233;SAINT-MARCELLIN-EN-FOREZ;42;256;84
1229;SAINT-PAUL-EN-CORNILLON;42;270;84
1211;SAINT-PAUL-EN-JAREZ;42;271;84
1217;SAINT-PRIEST-EN-JAREZ;42;275;84
1243;SAINT-ROMAIN-LE-PUY;42;285;84
1232;SAVIGNEUX;42;299;84
1245;SOLEYMIEUX;42;301;84
1225;SORBIERS;42;302;84
1230;UNIEUX;42;316;84
1238;VEAUCHE;42;323;84
1221;VILLARS;42;330;84
1250;VILLEREST;42;332;84
1204;SAINT-ETIENNE;42;218;84
2122;ANNECY;74;10;84
2148;ALLONZIER-LA-CAILLE;74;6;84
2131;ANNEMASSE;74;12;84
2168;ARACHES LA FRASSE;74;14;84
2152;ARCHAMPS;74;16;84
2134;ARGONAY;74;19;84
2141;BONNE;74;40;84
2173;BONNEVILLE;74;42;84
2156;CHAMONIX MONT BLANC;74;56;84
2143;CHENEX;74;69;84
2175;CLUSES;74;81;84
2138;COLLONGES-SOUS-SALEVE;74;82;84
2161;COMBLOUX;74;83;84
2191;CONTAMINE-SUR-ARVE;74;87;84
2151;COPPONEX;74;88;84
2189;CORDON;74;89;84
2181;CORNIER;74;90;84
2180;DEMI-QUARTIER;74;99;84
2130;DOUSSARD;74;104;84
2150;DUINGT;74;108;84
2149;EPAGNY METZ-TESSY;74;112;84
2194;EVIAN-LES-BAINS;74;119;84
2123;FAVERGES-SEYTHENEX;74;123;84
2120;GAILLARD;74;133;84
2192;GLIERES-VAL-DE-BORNE;74;212;84
2153;GROISY;74;137;84
2121;LA BALME DE SILLINGY;74;26;84
2145;LA CLUSAZ;74;80;84
2159;LA ROCHE SUR FORON;74;224;84
2184;LA TOUR;74;284;84
2127;LE GRAND BORNAND;74;136;84
2163;LES CONTAMINES MONTJOIE;74;85;84
2171;LES GETS;74;134;84
2182;LES HOUCHES;74;143;84
2140;LUCINGES;74;153;84
2125;MANIGOD;74;160;84
2177;MARIGNIER;74;164;84
2193;MARNAZ;74;169;84
2172;MEGEVE;74;173;84
2155;MENTHON-SAINT-BERNARD;74;176;84
2185;MIEUSSY;74;183;84
2137;MONNETIER-MORNEX;74;185;84
2164;MONT-SAXONNEX;74;189;84
2176;MORILLON;74;190;84
2133;NEYDENS;74;201;84
2165;ONNION;74;205;84
2174;PASSY;74;208;84
2142;POISY;74;213;84
2158;PRAZ SUR ARLY;74;215;84
2135;RUMILLY;74;225;84
2166;SAINT GERVAIS LES BAINS;74;236;84
2196;SAINT-JEAN-D'AULPS;74;238;84
2188;SAINT-JEOIRE;74;241;84
2144;SAINT-JULIEN-EN-GENEVOIS;74;243;84
2195;SAINT-PAUL-EN-CHABLAIS;74;249;84
2190;SAINT-PIERRE-EN-FAUCIGNY;74;250;84
2167;SALLANCHES;74;256;84
2178;SAMOENS;74;258;84
2160;SCIONZIER;74;264;84
2169;SERVOZ;74;266;84
2170;TANINGES;74;276;84
2146;THONES;74;280;84
2162;THYEZ;74;278;84
2128;VALLEIRY;74;288;84
2179;VALLORCINE;74;290;84
2187;VERCHAIX;74;294;84
2136;VETRAZ-MONTHOUX;74;298;84
2129;VEYRIER-DU-LAC;74;299;84
2139;VILLE-LA-GRAND;74;305;84
2154;VIRY;74;309;84
2157;VIUZ-EN-SALLAZ;74;311;84
1179;AIRE-SUR-L'ADOUR;40;1;75
1181;ANGRESSE;40;4;75
1192;AUREILHAN;40;19;75
1195;BENESSE-MAREMNE;40;36;75
1187;BIAS;40;43;75
1172;BISCARROSSE;40;46;75
1174;CAPBRETON;40;65;75
1157;DAX;40;88;75
1183;HAGETMAU;40;119;75
1175;LABENNE;40;133;75
1185;LEON;40;150;75
1171;LIT ET MIXE;40;157;75
1182;MIMIZAN;40;184;75
1161;MOLIETS-ET-MAA;40;187;75
1164;MONT-DE-MARSAN;40;192;75
1178;MONTGAILLARD;40;195;75
1177;ONDRES;40;209;75
1184;ORIST;40;211;75
1194;PARENTIS EN BORN;40;217;75
1162;PEYREHORADE;40;224;75
1188;POYANNE;40;235;75
1190;RION-DES-LANDES;40;243;75
1160;SAINT-PIERRE-DU-MONT;40;281;75
1193;SAINT-SEVER;40;282;75
1168;SANGUINET;40;287;75
1163;SEIGNOSSE;40;296;75
1166;SOORTS-HOSSEGOR;40;304;75
1176;SOUSTONS;40;310;75
1167;ST-GEOURS-MAREMNE;40;261;75
1156;ST-JULIEN-EN-BORN;40;266;75
1186;ST-MARTIN-DE-HINX;40;272;75
1180;ST-MARTIN-DE-SEIGNANX;40;273;75
1173;ST-PAUL-LES-DAX;40;279;75
1189;ST-VINCENT-DE-PAUL;40;283;75
1158;ST-VINCENT-DE-TYROSSE;40;284;75
1165;TARNOS;40;312;75
1191;TARTAS;40;313;75
1159;TOSSE;40;317;75
1169;VIELLE-ST-GIRONS;40;326;75
1170;VIEUX BOUCAU-LES-BAINS;40;328;75
1547;AUBOUE;54;28;44
1562;BLAINVILLE-SUR-L EAU;54;76;44
1525;BOUXIERES-AUX-DAMES;54;90;44
1519;CHAMPIGNEULLES;54;115;44
1555;CONS-LA-GRANDVILLE;54;137;44
1554;COSNES-ET-ROMAIN;54;138;44
1527;CUSTINES;54;150;44
1560;DAMELEVIERES;54;152;44
1569;DOMGERMAIN;54;162;44
1567;DOMMARTIN-LES-TOUL;54;167;44
1565;ECROUVES;54;174;44
1511;ESSEY LES NANCY;54;184;44
1563;FOUG;54;205;44
1524;FROUARD;54;215;44
1538;GORCY;54;234;44
1532;HAROUE;54;252;44
1556;HATRIZE;54;253;44
1539;HAUCOURT-MOULAINE;54;254;44
1530;HEILLECOURT;54;257;44
1551;HERSERANGE;54;261;44
1543;HOMECOURT;54;263;44
1552;HUSSIGNY GODBRANGE;54;270;44
1541;JARNY;54;273;44
1516;JARVILLE LA MALGRANGE;54;274;44
1540;JOEUF;54;280;44
1526;LANEUVEVILLE-DEVANT-NANCY;54;300;44
1523;LAXOU;54;304;44
1548;LONGLAVILLE;54;321;44
1550;LONGUYON;54;322;44
1536;LONGWY;54;323;44
1558;LUNEVILLE;54;329;44
1517;MALZEVILLE;54;339;44
1522;MAXEVILLE;54;357;44
1520;MEREVILLE;54;364;44
1545;MONT SAINT MARTIN;54;382;44
1561;MONT-SUR-MEURTHE;54;383;44
1564;PIERRE-LA-TREICHE;54;426;44
1514;PONT A MOUSSON;54;431;44
1531;PONT-SAINT-VINCENT;54;432;44
1521;PULNOY;54;439;44
1546;REHON;54;451;44
1529;RICHARDMENIL;54;459;44
1515;SAINT MAX;54;482;44
1534;SAINT-NICOLAS-DE-PORT;54;483;44
1542;SAULNES;54;493;44
1570;THIAUCOURT-REGNIEVILLE;54;518;44
1549;THIL;54;521;44
1528;TOMBLAINE;54;526;44
1566;TOUL;54;528;44
1537;TRIEUX;54;533;44
1544;TUCQUEGNIEUX;54;536;44
1535;VAL DE BRIEY;54;99;44
1557;VALLEROY;54;542;44
1513;VANDOEUVRE LES NANCY;54;547;44
1533;VARANGEVILLE;54;549;44
1559;VATHIMENIL;54;550;44
1518;VILLERS LES NANCY;54;578;44
1553;VILLERUPT;54;580;44
1568;VILLEY-SAINT-ETIENNE;54;584;44
1512;NANCY;54;395;44
302;NARBONNE;11;262;76
300;GRUISSAN;11;170;76
301;LEUCATE;11;202;76
307;BAGES;11;24;76
305;BOUTENAC;11;48;76
290;CARCASSONNE;11;69;76
291;CASTELNAUDARY;11;76;76
311;COURSAN;11;106;76
297;FITOU;11;144;76
304;FLEURY D AUDE;11;145;76
294;LAVALETTE;11;199;76
308;LEZIGNAN-CORBIERES;11;203;76
295;LIMOUX;11;206;76
310;MOUSSAN;11;258;76
292;PEXIORA;11;281;76
306;PEYRIAC DE MER;11;285;76
299;PORT-LA-NOUVELLE;11;266;76
296;RENNES LES BAINS;11;310;76
309;SALLES D AUDE;11;370;76
298;SIGEAN;11;379;76
293;TREBES;11;397;76
303;VINASSAN;11;441;76
377;BENERVILLE-SUR-MER;14;59;28
374;BLONVILLE-SUR-MER;14;79;28
363;CAEN;14;118;28
371;DEAUVILLE;14;220;28
369;DIVES-SUR-MER;14;225;28
378;DOZULE;14;229;28
379;EQUEMAUVILLE;14;243;28
365;GRANDCAMP-MAISY;14;312;28
367;HONFLEUR;14;333;28
372;HOULGATE;14;338;28
366;LISIEUX;14;366;28
364;MERVILLE FRANCEVILLE;14;409;28
373;PONT-L EVEQUE;14;514;28
381;RIVIERE-SAINT-SAUVEUR (LA);14;536;28
380;SAINT-ARNOULT;14;557;28
376;TOUQUES;14;699;28
375;TOURGEVILLE;14;701;28
368;TROUVILLE-SUR-MER;14;715;28
370;VILLERS-SUR-MER;14;754;28
2713;AIGUILLON-SUR-MER (L );85;1;52
2733;BARBATRE;85;11;52
2734;BARRE-DE-MONTS (LA);85;12;52
2729;BEAUVOIR-SUR-MER;85;18;52
2716;BRETIGNOLLES-SUR-MER;85;35;52
2706;BROUZILS (LES);85;38;52
2728;CHALLANS;85;47;52
2705;CHANTONNAY;85;51;52
2703;ESSARTS EN BOCAGE;85;84;52
2721;FAUTE-SUR-MER (LA);85;307;52
2711;FONTENAY-LE-COMTE;85;92;52
2709;HERBIERS (LES);85;109;52
2723;JARD-SUR-MER;85;114;52
2727;LES ACHARDS;85;152;52
2714;LONGEVILLE-SUR-MER;85;127;52
2712;LUCON;85;128;52
2704;MONTAIGU-VENDEE;85;146;52
2710;MORTAGNE-SUR-SEVRE;85;151;52
2730;NOIRMOUTIER-EN-L'ILE;85;163;52
2732;NOTRE-DAME-DE-MONTS;85;164;52
2701;ROCHE SUR YON (LA);85;191;52
2707;ROCHESERVIERE;85;190;52
2718;SABLES-D'OLONNE (LES);85;194;52
2708;SAINT-FULGENT;85;215;52
2720;SAINT-GILLES-CROIX-DE-VIE;85;222;52
2717;SAINT-HILAIRE-DE-RIEZ;85;226;52
2731;SAINT-JEAN-DE-MONTS;85;234;52
2702;SAINT-PHILBERT-DE-BOUAINE;85;262;52
2725;SAINT-VINCENT-SUR-JARD;85;278;52
2715;TALMONT-SAINT-HILAIRE;85;288;52
2722;TRANCHE-SUR-MER (LA);85;294;52
2726;VAIRE;85;298;52
1385;AMILLY;45;4;24
1373;ARDON;45;6;24
1372;BEAUGENCY;45;28;24
1390;BEAUNE-LA-ROLANDE;45;30;24
1371;BOULAY-LES-BARRES;45;46;24
1393;BRIARE;45;53;24
1386;CEPOY;45;61;24
1383;CHALETTE-SUR-LOING;45;68;24
1362;CHANTEAU;45;72;24
1377;CHATEAUNEUF S LOIRE;45;82;24
1370;CHECY;45;89;24
1364;FLEURY LES AUBRAIS;45;147;24
1391;GIEN;45;155;24
1365;INGRE;45;169;24
1378;JARGEAU;45;173;24
1358;LA CHAPELLE ST MESMIN;45;75;24
1374;LA FERTE SAINT-AUBIN;45;146;24
1376;LAILLY EN VAL;45;179;24
1388;LE MALESHERBOIS;45;191;24
1380;MEUNG-SUR-LOIRE;45;203;24
1382;MONTARGIS;45;208;24
1375;NEUVILLE-AUX-BOIS;45;224;24
1357;OLIVET;45;232;24
1381;PATAY;45;248;24
1389;PITHIVIERS;45;252;24
1387;PUISEAUX;45;258;24
1369;SAINT-DENIS-EN-VAL;45;274;24
1384;SAINT-HILAIRE-LES-ANDRESIS;45;281;24
1363;SAINT-HILAIRE-SAINT-MESMIN;45;282;24
1360;SAINT-JEAN-LE-BLANC;45;286;24
1367;SAINT-PRYVE-SAINT-MESMIN;45;298;24
1379;SANDILLON;45;300;24
1368;SARAN;45;302;24
1366;SEMOY;45;308;24
1355;ST JEAN DE BRAYE;45;284;24
1359;ST JEAN DE LA RUELLE;45;285;24
1392;SULLY-SUR-LOIRE;45;315;24
1361;ORLEANS;45;234;24
1501;AVENAY-VAL-D'OR;51;28;44
1486;AVIZE;51;29;44
1491;AY-CHAMPAGNE;51;30;44
1496;BETHENY;51;55;44
1497;BEZANNES;51;58;44
1479;BLACY;51;65;44
1476;CHALONS EN CHAMPAGNE;51;108;44
1494;CHIGNY-LES-ROSES;51;152;44
1492;CORMONTREUIL;51;172;44
1485;CRAMANT;51;196;44
1490;DIZY;51;210;44
1483;DORMANS;51;217;44
1482;EPERNAY;51;230;44
1498;FISMES;51;250;44
1481;FRIGNICOURT;51;262;44
1500;MAGENTA;51;663;44
1487;MAREUIL-LE-PORT;51;346;44
1493;SAINT BRICE COURCELLES;51;474;44
1477;SAINT-MEMMIE;51;506;44
1478;SAINTE MENEHOULD;51;507;44
1495;SILLERY;51;536;44
1489;TINQUEUX;51;573;44
1480;VITRY LE FRANCOIS;51;649;44
1499;WITRY-LES-REIMS;51;662;44
1488;REIMS;51;454;44
1576;ARRADON;56;3;53
1573;ARZON;56;5;53
1617;BAUD;56;10;53
1602;BELZ;56;13;53
1594;BRECH;56;23;53
1597;CARNAC;56;34;53
1591;CLEGUER;56;40;53
1604;ERDEVEN;56;54;53
1606;ETEL;56;55;53
1580;GAVRES;56;62;53
1586;GESTEL;56;63;53
1579;GUIDEL;56;78;53
1587;HENNEBONT;56;83;53
1584;INZINZAC-LOCHRIST;56;90;53
1592;KERVIGNAC;56;94;53
1603;LA TRINITE SUR MER;56;258;53
1589;LANESTER;56;98;53
1593;LANGUIDIC;56;101;53
1581;LARMOR-PLAGE;56;107;53
1605;LE BONO;56;262;53
1599;LE PALAIS;56;152;53
1616;LIGNOL;56;110;53
1598;LOCMARIA;56;114;53
1583;LOCMIQUELIC;56;118;53
1582;LORIENT;56;121;53
1613;MALESTROIT;56;124;53
1595;PLOEMEL;56;161;53
1588;PLOEMEUR;56;162;53
1577;PLOEREN;56;164;53
1614;PLOERMEL;56;165;53
1612;PLOUHARNEL;56;168;53
1578;PLOUHINEC;56;169;53
1611;PLUNERET;56;176;53
1610;PLUVIGNER;56;177;53
1615;PONTIVY;56;178;53
1585;PORT-LOUIS;56;181;53
1601;QUIBERON;56;186;53
1590;RIANTEC;56;193;53
1574;SAINT-AVE;56;206;53
1609;SAINT-PHILIBERT;56;233;53
1600;SAINT-PIERRE-QUIBERON;56;234;53
1608;SAINTE-ANNE-D'AURAY;56;263;53
1607;SAUZON;56;241;53
1575;VANNES;56;260;53
631;ALBITRECCIA;2A;8;94
635;APPIETTO;2A;17;94
624;ARBELLARA;2A;18;94
630;ARGIUSTA-MORICCIO;2A;21;94
649;BASTELICACCIA;2A;32;94
639;BELVEDERE-CAMPOMORO;2A;35;94
621;BONIFACIO;2A;41;94
636;CALCATOGGIO;2A;48;94
628;CASAGLIONE;2A;70;94
645;CASALABRIVA;2A;71;94
633;CAURO;2A;85;94
651;COGGIA;2A;90;94
644;COTI-CHIAVARI;2A;98;94
653;CUTTOLI-CORTICCHIATO;2A;103;94
652;FRASSETO;2A;119;94
622;GROSSETO-PRUGNA;2A;130;94
623;LECCI;2A;139;94
643;OLMETO;2A;189;94
638;OTA;2A;198;94
634;PALNECA;2A;200;94
650;PIANA;2A;212;94
637;PIANOTTOLI-CALDARELLO;2A;215;94
625;PIETROSELLA;2A;228;94
615;PORTO-VECCHIO;2A;247;94
617;PROPRIANO;2A;249;94
648;QUENZA;2A;254;94
654;SANTA-MARIA-SICHE;2A;312;94
641;SARI-SOLENZARA;2A;269;94
629;SARROLA-CARCOPINO;2A;271;94
619;SARTENE;2A;272;94
632;SERRA-DI-FERRO;2A;276;94
640;SOTTA;2A;288;94
646;TAVERA;2A;324;94
627;VICO;2A;348;94
657;VIGGIANELLO;2A;349;94
620;ZONZA;2A;362;94
616;AJACCIO;2A;4;94
446;BEAUSSAIS-SUR-MER;22;209;53
442;BINIC-ETABLES-SUR-MER;22;55;53
456;BROONS;22;20;53
453;CAULNES;22;32;53
434;CHATELAUDREN-PLOUAGAT;22;206;53
447;DINAN;22;50;53
432;ERQUY;22;54;53
449;FREHEL;22;179;53
457;GUINGAMP;22;70;53
443;HILLION;22;81;53
433;LAMBALLE-ARMOR;22;93;53
451;LANCIEUX;22;94;53
435;LANGUEUX;22;106;53
460;LANNION;22;113;53
454;LANVALLAY;22;118;53
465;LOUDEAC;22;136;53
455;MATIGNON;22;143;53
445;NOYAL;22;160;53
438;PAIMPOL;22;162;53
459;PERROS-GUIREC;22;168;53
452;PLANCOET;22;172;53
439;PLENEUF-VAL-ANDRE;22;186;53
441;PLERIN;22;187;53
464;PLESTIN-LES-GREVES;22;194;53
436;PLOUFRAGAN;22;215;53
437;PLOUHA;22;222;53
458;PLOUMAGOAR;22;225;53
431;SAINT-BRIEUC;22;278;53
448;SAINT-CAST-LE-GUILDO;22;282;53
440;SAINT-QUAY-PORTRIEUX;22;325;53
450;TADEN;22;339;53
463;TREBEURDEN;22;343;53
444;TREGUEUX;22;360;53
461;TREGUIER;22;362;53
462;TREVOU-TREGUIGNEC;22;379;53
536;ANCONE;26;8;84
545;BEAUMONT LES VALENCE;26;37;84
525;BEAUVALLON;26;42;84
519;BOURG LES VALENCE;26;58;84
517;BOURG-DE-PEAGE;26;57;84
520;CHABEUIL;26;64;84
516;CREST;26;108;84
523;DIEULEFIT;26;114;84
521;DONZERE;26;116;84
539;LA ROCHE DE GLUN;26;271;84
531;LIVRON SUR DROME;26;165;84
527;LORIOL SUR DROME;26;166;84
543;MERCUROL-VEAUNES;26;179;84
526;MIRABEL-AUX-BARONNIES;26;182;84
518;MONTBOUCHER-SUR-JABRON;26;191;84
530;MONTELIER;26;197;84
515;MONTELIMAR;26;198;84
546;MONTSEGUR-SUR-LAUZON;26;211;84
514;MORAS-EN-VALLOIRE;26;213;84
540;MOURS-SAINT-EUSEBE;26;218;84
533;NYONS;26;220;84
528;PIERRELATTE;26;235;84
547;PONSAS;26;247;84
542;PONT DE L ISERE;26;250;84
532;PORTES LES VALENCE;26;252;84
512;ROMANS-SUR-ISERE;26;281;84
541;SAINT VALLIER;26;333;84
538;SAINT-AGNAN-EN-VERCORS;26;290;84
535;SAINT-DONAT-SUR-L HERBASSE;26;301;84
537;SAINT-PANTALEON-LES-VIGNES;26;322;84
529;SAINT-PAUL-TROIS-CHATEAUX;26;324;84
522;SAINT-RAMBERT-D ALBON;26;325;84
534;SAUZET;26;338;84
544;TAIN L HERMITAGE;26;347;84
524;TULETTE;26;357;84
513;VALENCE;26;362;84
1854;ANGLET;64;24;75
1851;ARETTE;64;40;75
1860;BASSUSSARRY;64;100;75
1852;BAYONNE;64;102;75
1853;BIARRITZ;64;122;75
1826;BILLERE;64;129;75
1828;BIZANOS;64;132;75
1861;CIBOURE;64;189;75
1842;DENGUIN;64;198;75
1846;EAUX BONNES;64;204;75
1835;GELOS;64;237;75
1862;HASPARREN;64;256;75
1858;HENDAYE;64;260;75
1832;IDRON;64;269;75
1831;JURANCON;64;284;75
1859;LAHONCE;64;304;75
1848;LARUNS;64;320;75
1839;LESCAR;64;335;75
1843;LESTELLE BETHARRAM;64;339;75
1827;LONS;64;348;75
1857;MAULEON LICHARRE;64;371;75
1837;MAZEROLLES;64;374;75
1830;MIOSSENS LANUSSE;64;385;75
1841;MORLAAS;64;405;75
1847;MOUMOUR;64;409;75
1834;MOURENX;64;410;75
1833;NAVARRENX;64;416;75
1849;NAY;64;417;75
1844;OLORON SAINTE MARIE;64;422;75
1838;ORTHEZ;64;430;75
1845;REBENACQ;64;463;75
1840;RONTIGNON;64;467;75
1856;SAINT-JEAN-DE-LUZ;64;483;75
1864;SAINT-PALAIS;64;493;75
1836;SAUVAGNON;64;511;75
1829;SERRES CASTET;64;519;75
1850;SEVIGNACQ MEYRACQ;64;522;75
1863;UHART-CIZE;64;538;75
1855;USTARITZ;64;547;75
1825;PAU;64;445;75
10;AMBERIEU-EN-BUGEY;1;4;84
39;ARBENT;1;14;84
50;BEAUREGARD;1;30;84
17;BELLEY;1;34;84
26;BELLIGNAT;1;31;84
21;BRENOD;1;60;84
11;CESSY;1;71;84
35;CHAMPAGNE-EN-VALROMEY;1;79;84
1;CHEVRY;1;103;84
34;COLLONGES;1;109;84
44;CROZET;1;135;84
5;CULOZ;1;138;84
51;DAGNEUX;1;142;84
2;DIVONNE-LES-BAINS;1;143;84
19;DORTAN;1;148;84
31;ECHENEVEX;1;153;84
43;FARGES;1;158;84
13;FERNEY-VOLTAIRE;1;160;84
9;GEX;1;173;84
38;HAUT-VALROMEY;1;187;84
30;IZERNORE;1;192;84
49;JASSANS-RIOTTIER;1;194;84
36;JUJURIEUX;1;199;84
15;LAGNIEU;1;202;84
16;LE POIZAT-LALLEYRIAT;1;204;84
28;LELEX;1;210;84
40;LOYETTES;1;224;84
37;MATAFELON-GRANGES;1;240;84
46;MEXIMIEUX;1;244;84
41;MIJOUX;1;247;84
52;MIONNAY;1;248;84
47;MONTCEAUX;1;258;84
48;MONTLUEL;1;262;84
23;NANTUA;1;269;84
18;ORNEX;1;281;84
7;OYONNAX;1;283;84
3;PERON;1;288;84
27;PLATEAU D'HAUTEVILLE;1;185;84
20;PREVESSIN-MOENS;1;313;84
24;SAINT-DENIS-EN-BUGEY;1;345;84
0;SAINT-ETIENNE-DU-BOIS;1;350;84
22;SAINT-JEAN-LE-VIEUX;1;363;84
33;SAINT-VULBAS;1;390;84
12;SAULT-BRENAZ;1;396;84
14;SEGNY;1;399;84
42;SERGY;1;401;84
6;ST-GENIS-POUILLY;1;354;84
8;ST-GERMAIN-DE-JOUX;1;357;84
4;VALSERHONE;1;33;84
32;VERSONNEX;1;435;84
29;VESANCY;1;436;84
45;VILLARS-LES-DOMBES;1;443;84
53;VILLIEU-LOYES-MOLLON;1;450;84
2786;BUSSANG;88;81;44
2757;CAPAVENIR VOSGES;88;465;44
2759;CHANTRAINE;88;87;44
2765;CHENIMENIL;88;101;44
2762;CONTREXEVILLE;88;114;44
2795;CORNIMONT;88;116;44
2758;DAMAS-ET-BETTEGNEY;88;122;44
2755;DARNIEULLES;88;126;44
2760;DEYVILLERS;88;132;44
2753;EPINAL;88;160;44
2773;FRAIZE;88;181;44
2777;GERARDMER;88;196;44
2783;GERBEPAL;88;198;44
2768;GIRANCOURT;88;201;44
2752;GOLBEY;88;209;44
2754;HADOL;88;225;44
2772;JEUXEY;88;253;44
2787;LA BRESSE;88;75;44
2784;LA FORGE;88;177;44
2770;LAVELINE-DEVANT-BRUYERES;88;262;44
2792;LE THILLOT;88;468;44
2767;LES FORGES;88;178;44
2769;LIFFOL-LE-GRAND;88;270;44
2761;LONGCHAMP;88;273;44
2763;MIRECOURT;88;304;44
2782;MOYENMOUTIER;88;319;44
2764;NEUFCHATEAU;88;321;44
2778;PAIR-ET-GRANDRUPT;88;341;44
2766;PIERREFITTE;88;347;44
2774;PLAINFAING;88;349;44
2797;POUXEUX;88;358;44
2771;RAMBERVILLERS;88;367;44
2789;RAMONCHAMP;88;369;44
2775;RAON L ETAPE;88;372;44
2788;REMIREMONT;88;383;44
2790;RUPT-SUR-MOSELLE;88;408;44
2779;SAINT DIE DES VOSGES;88;413;44
2791;SAINT-NABORD;88;429;44
2780;SAINTE-MARGUERITE;88;424;44
2794;SAPOIS;88;442;44
2781;SAULCY-SUR-MEURTHE;88;445;44
2796;ST-ETIENNE-LES-REMIREMONT;88;415;44
2793;VAGNEY;88;486;44
2785;VENTRON;88;500;44
2756;VITTEL;88;516;44
2776;XONRUPT-LONGEMER;88;531;44
284;BAR SUR AUBE;10;33;44
288;COLOMBE LA FOSSE;10;102;44
289;DIENVILLE;10;123;44
283;LA CHAPELLE ST LUC;10;81;44
287;LES NOES PRES TROYES;10;265;44
286;NOGENT SUR SEINE;10;268;44
285;PONTSAINTE MARIE;10;297;44
278;ROMILLY SUR SEINE;10;323;44
277;ROSIERES PRES TROYES;10;325;44
280;SAINT ANDRE LES VERGERS;10;333;44
279;SAINT JULIEN LES VILLAS;10;343;44
276;SAINTE SAVINE;10;362;44
282;TRAINEL;10;382;44
281;TROYES;10;387;44
2675;APT;84;3;93
2670;AUBIGNAN;84;4;93
2695;BARROUX (LE);84;8;93
2698;BEAUMES-DE-VENISE;84;12;93
2666;BEDARRIDES;84;16;93
2661;BEDOIN;84;17;93
2690;BOLLENE;84;19;93
2672;CAROMB;84;30;93
2657;CARPENTRAS;84;31;93
2679;CAVAILLON;84;35;93
2685;CHATEAUNEUF-DE-GADAGNE;84;36;93
2699;CHATEAUNEUF-DU-PAPE;84;37;93
2669;COURTHEZON;84;39;93
2671;ENTRAIGUES-SUR-LA-SORGUE;84;43;93
2691;JONQUIERES;84;56;93
2676;L ISLE SUR LA SORGUE;84;54;93
2686;LA BASTIDE DES JOURDANS;84;9;93
2681;LA TOUR D AIGUES;84;133;93
2678;LAURIS;84;65;93
2663;LE PONTET;84;92;93
2680;LE THOR;84;132;93
2697;MALAUCENE;84;69;93
2673;MALEMORT-DU-COMTAT;84;70;93
2687;MERINDOL;84;74;93
2659;MONTEUX;84;80;93
2664;MORIERES LES AVIGNON;84;81;93
2696;MORNAS;84;83;93
2688;ORANGE;84;87;93
2665;PERNES LES FONTAINES;84;88;93
2677;PERTUIS;84;89;93
2684;SAINT-SATURNIN LES APT;84;118;93
2689;SAINTE-CECILE-LES-VIGNES;84;106;93
2667;SARRIANS;84;122;93
2682;SAUMANE-DE-VAUCLUSE;84;124;93
2700;SERIGNAN-DU-COMTAT;84;127;93
2662;SORGUES;84;129;93
2692;VACQUEYRAS;84;136;93
2693;VAISON-LA-ROMAINE;84;137;93
2668;VEDENE;84;141;93
2683;VIENS;84;144;93
2674;VILLELAURE;84;147;93
2694;VISAN;84;150;93
83;ALLOS;4;6;93
90;BARCELONNETTE;4;19;93
109;BARREME;4;22;93
84;CASTELLANE;4;39;93
80;CHATEAU-ARNOUX-SAINT-AUBAN;4;49;93
108;DEMANDOLX;4;69;93
81;DIGNE-LES-BAINS;4;70;93
79;ENCHASTRAYES;4;73;93
89;FAUCON-DE-BARCELONNETTE;4;86;93
95;FORCALQUIER;4;88;93
91;GREOUX-LES-BAINS;4;94;93
85;JAUSIERS;4;96;93
102;L ESCALE;4;79;93
86;LE LAUZET UBAYE;4;102;93
97;MANOSQUE;4;112;93
82;MONTCLAR;4;126;93
99;NOYERS-SUR-JABRON;4;139;93
101;ORAISON;4;143;93
93;PEIPIN;4;145;93
100;PIERRERUE;4;151;93
78;RIEZ;4;166;93
107;SAINT-ETIENNE-LES-ORGUES;4;178;93
92;SAINT-MARTIN-DE-BROMES;4;189;93
88;SAINTE CROIX DU VERDON;4;176;93
106;SAINTE-TULLE;4;197;93
96;SELONNET;4;203;93
87;SEYNE;4;205;93
77;SISTERON;4;209;93
98;UVERNET-FOURS;4;226;93
104;VALENSOLE;4;230;93
103;VILLENEUVE;4;242;93
105;VOLONNE;4;244;93
94;VOLX;4;245;93
1049;AMBOISE;37;3;24
1047;BALLAN MIRE;37;18;24
1051;BOURGUEIL;37;31;24
1048;CHAMBRAY LES TOURS;37;50;24
1053;DESCARTES;37;115;24
1042;FONDETTES;37;109;24
1034;JOUE LES TOURS;37;122;24
1046;LA MEMBROLLE-SUR-CHOISILLE;37;151;24
1036;LA RICHE;37;195;24
1052;LOCHES;37;132;24
1038;MONTLOUIS-SUR-LOIRE;37;156;24
1044;NOTRE-DAME-D OE;37;172;24
1050;RICHELIEU;37;196;24
1045;ROCHECORBON;37;203;24
1041;SAINT AVERTIN;37;208;24
1043;SAINT CYR SUR LOIRE;37;214;24
1039;SAINT-PIERRE-DES-CORPS;37;233;24
1035;TOURS;37;261;24
1777;ACHICOURT;62;4;32
1811;AIRE-SUR-LA-LYS;62;14;32
1792;AIX NOULETTE;62;19;32
1780;ANZIN-SAINT-AUBIN;62;37;32
1815;ARQUES;62;40;32
1776;ARRAS;62;41;32
1782;AVION;62;65;32
1781;BEAURAINS;62;99;32
1807;BERCK;62;108;32
1787;BETHUNE;62;119;32
1790;BEUVRY;62;126;32
1786;BIACHE-SAINT-VAAST;62;128;32
1812;BLENDECQUES;62;139;32
1805;BOULOGNE SUR MER;62;160;32
1803;CALAIS;62;193;32
1794;CARVIN;62;215;32
1809;CUCQ;62;261;32
1788;DIVION;62;270;32
1779;ELEU-DIT-LEAUWETTE;62;291;32
1793;HARNES;62;413;32
1799;HENIN-BEAUMONT;62;427;32
1789;HESDIGNEUL-LES-BETHUNE;62;445;32
1791;ISBERGUES;62;473;32
1808;LE TOUQUET PARIS PLAGE;62;826;32
1797;LENS;62;498;32
1814;LONGUENESSE;62;525;32
1798;LOOS EN GOHELLE;62;528;32
1806;MARQUISE;62;560;32
1810;MERLIMONT;62;571;32
1795;MONTIGNY EN GOHELLE;62;587;32
1801;NEUFCHATEL-HARDELOT;62;604;32
1784;NEUVILLE-ST-VAAST;62;609;32
1813;SAINT OMER;62;765;32
1778;SAINT-NICOLAS;62;764;32
1783;SAINTE-CATHERINE;62;744;32
1785;SAVY-BERLETTE;62;785;32
1802;ST MARTIN BOULOGNE;62;758;32
1800;WIMEREUX;62;893;32
1796;WINGLES;62;895;32
1804;WISSANT;62;899;32
2551;ABBEVILLE;80;1;32
2556;AILLY-SUR-NOYE;80;10;32
2557;ALBERT;80;16;32
2535;AMIENS;80;21;32
2550;AULT;80;39;32
2541;CAMON;80;164;32
2545;CAYEUX-SUR-MER;80;182;32
2540;CORBIE;80;212;32
2546;DOULLENS;80;253;32
2543;FORT-MAHON-PLAGE;80;333;32
2548;FRIVILLE-ESCARBOTIN;80;368;32
2544;LE CROTOY;80;228;32
2537;LONGUEAU;80;489;32
2555;MEHARICOURT;80;524;32
2549;MERS-LES-BAINS;80;533;32
2558;PERONNE;80;620;32
2542;PLACHY-BUYON;80;627;32
2547;QUEND;80;649;32
2554;ROYE;80;685;32
2538;SAINT-FUSCIEN;80;702;32
2553;SAINT-VALERY-SUR-SOMME;80;721;32
2552;WOIGNARUE;80;826;32
1445;AGNEAUX;50;2;28
1466;AGON-COUTAINVILLE;50;3;28
1450;AVRANCHES;50;25;28
1471;BARNEVILLE-CARTERET;50;31;28
1473;BAUBIGNY;50;33;28
1454;BRECEY;50;74;28
1448;CARENTAN LES MARAIS;50;99;28
1457;CHERBOURG-EN-COTENTIN;50;129;28
1462;COUTANCES;50;147;28
1452;DONVILLE-LES-BAINS;50;165;28
1464;GAVRAY-SUR-SIENNE;50;197;28
1465;GOUVILLE-SUR-MER;50;215;28
1451;GRANDPARIGNY;50;391;28
1449;GRANVILLE;50;218;28
1455;JULLOUVILLE;50;66;28
1470;LA HAYE;50;236;28
1469;LESSAY;50;267;28
1447;MOON-SUR-ELLE;50;356;28
1468;PERIERS;50;394;28
1467;PIROU;50;403;28
1456;PONTORSON;50;410;28
1475;PORT-BAIL-SUR-MER;50;412;28
1463;SAINT-GERMAIN-SUR-AY;50;481;28
1453;SAINT-HILAIRE-DU-HARCOUET;50;484;28
1446;SAINT-LO;50;502;28
1472;SAINT-VAAST-LA-HOUGUE;50;562;28
1474;VALOGNES;50;615;28
606;CAMARET-SUR-MER;29;22;53
611;CARANTEC;29;23;53
600;CLOHARS CARNOET;29;31;53
598;CONCARNEAU;29;39;53
607;CROZON;29;42;53
603;DIRINON;29;45;53
596;DOUARNENEZ;29;46;53
604;LANDERNEAU;29;103;53
610;LANDIVISIAU;29;105;53
609;MORLAIX;29;151;53
613;PLOUGASNOU;29;188;53
605;PLOUGASTEL-DAOULAS;29;189;53
599;PONT-AVEN;29;217;53
595;QUIMPER;29;232;53
597;QUIMPERLE;29;233;53
614;ROSCOFF;29;239;53
602;SAINT RENAN;29;260;53
608;SAINT-NIC;29;256;53
601;BREST;29;19;53
508;AUDINCOURT;25;31;27
490;BAUME LES DAMES;25;47;27
480;BESANCON;25;56;27
487;BONNAY;25;73;27
483;BOUSSIERES;25;84;27
507;CHARQUEMONT;25;127;27
488;DELUZ;25;197;27
499;DOUBS;25;204;27
503;ETALANS;25;222;27
481;GENEUILLE;25;265;27
492;GRANGES NARBOZ;25;293;27
510;HERIMONCOURT;25;304;27
493;JOUGNE;25;318;27
501;LA CLUSE ET MIJOUX;25;157;27
489;LES AUXONS;25;35;27
506;LES FOURGS;25;254;27
496;LES HOPITAUX NEUFS;25;307;27
484;MAMIROLLE;25;364;27
502;METABIEF;25;380;27
486;MISEREY SALINES;25;381;27
511;MONTBELIARD;25;388;27
504;MONTLEBON;25;403;27
495;MORTEAU;25;411;27
505;MOUTHE;25;413;27
498;ORNANS;25;434;27
491;PONTARLIER;25;462;27
485;ROCHE LEZ BEAUPRE;25;495;27
497;ROCHEJEAN;25;494;27
482;SAINT VIT;25;527;27
509;SELONCOURT;25;539;27
500;VALDAHON;25;578;27
494;VILLERS LE LAC;25;321;27
578;AUNEAU-BLEURY-SAINT-SYMPHORIEN;28;15;24
575;CHARTAINVILLIERS;28;84;24
582;CHATEAUDUN;28;88;24
591;CHATEAUNEUF EN THYMERAIS;28;89;24
589;CHAUDON;28;94;24
593;COULOMBS;28;113;24
581;COURVILLE SUR EURE;28;116;24
584;DREUX;28;134;24
567;EPERNON;28;140;24
565;GALLARDON;28;168;24
577;GAS;28;172;24
572;GASVILLE OISEME;28;173;24
570;HANCHES;28;191;24
580;JOUY;28;201;24
566;LE COUDRAY;28;110;24
571;LEVES;28;209;24
586;LORMAYE;28;213;24
574;LUCE;28;218;24
579;LUISANT;28;220;24
573;MAINTENON;28;227;24
568;MAINVILLIERS;28;229;24
594;NOGENT LE ROTROU;28;280;24
587;NOGENT-LE-ROI;28;279;24
583;ST DENIS-LANNERAY;28;334;24
590;ST LUBIN DES JONCHERETS;28;348;24
576;ST PREST;28;358;24
592;ST REMY SUR AVRE;28;359;24
569;TOURY;28;391;24
253;ANNONAY;7;10;84
236;AUBENAS;7;19;84
233;BOURG-SAINT-ANDEOL;7;42;84
239;CHARMES-SUR-RHONE;7;55;84
257;DAVEZIEUX;7;78;84
255;FELINES;7;89;84
234;GRAVIERES;7;100;84
252;GUILHERAND-GRANGES;7;102;84
237;LA-VOULTE-SUR-RHONE;7;349;84
241;LABEGUDE;7;116;84
243;LANAS;7;131;84
238;PRIVAS;7;186;84
242;RUOMS;7;201;84
245;SAINT-GEORGES-LES-BAINS;7;240;84
256;SAINT-JEAN-DE-MUZOLS;7;245;84
231;SAINT-JUST-D'ARDECHE;7;259;84
249;SAINT-MARTIN-D' ARDECHE;7;268;84
247;SAINT-MONTAN;7;279;84
251;SAINT-PERAY;7;281;84
244;SAINT-SERNIN;7;296;84
235;SALAVAS;7;304;84
254;SARRAS;7;308;84
248;ST JULIEN EN ST ALBAN;7;255;84
250;TOURNON-SUR-RHONE;7;324;84
240;VALLON PONT D'ARC;7;330;84
232;VALS-LES-BAINS;7;331;84
246;VIVIERS;7;346;84
1431;AVRILLE;49;15;52
1438;BEAUPREAU-EN-MAUGES;49;23;52
1433;BOUCHEMAINE;49;35;52
1430;BRISSAC LOIRE AUBANCE;49;50;52
1426;CHEFFES;49;90;52
1436;CHEMILLE-EN-ANJOU;49;92;52
1435;CHOLET;49;99;52
1442;FONTEVRAUD L ABBAYE;49;140;52
1440;LA TESSOUALLE;49;343;52
1420;LES PONTS DE CE;49;246;52
1443;MAZE-MILON;49;194;52
1434;MONTREUIL-JUIGNE;49;214;52
1423;MURS-ERIGNE;49;223;52
1429;RIVES-DU-LOIR-EN-ANJOU;49;377;52
1422;SAINT-BARTHELEMY-D ANJOU;49;267;52
1432;SAINT-GEORGES-SUR-LOIRE;49;283;52
1441;SAUMUR;49;328;52
1444;SEGRE-EN-ANJOU BLEU;49;331;52
1425;STE GEMMES SUR LOIRE;49;278;52
1421;TIERCE;49;347;52
1424;TRELAZE;49;353;52
1437;TREMENTINES;49;355;52
1427;VERRIERES-EN-ANJOU;49;323;52
738;AUCAMVILLE;31;22;76
752;AUSSONNE;31;32;76
768;AUZEVILLE-TOLOSANE;31;35;76
735;BALMA;31;44;76
772;BAZIEGE;31;48;76
758;BEAUZELLE;31;56;76
759;BESSIERES;31;66;76
750;BLAGNAC;31;69;76
760;CASTANET TOLOSAN;31;113;76
733;CASTELGINEST;31;116;76
748;COLOMIERS;31;149;76
753;CUGNAUX;31;157;76
736;DREMIL LAFAGE;31;163;76
769;ESCALQUENS;31;169;76
739;FENOUILLET;31;182;76
745;FLOURENS;31;184;76
734;FONBEAUZARD;31;186;76
757;FRONTON;31;202;76
773;FROUZINS;31;203;76
741;GAGNAC SUR GARONNE;31;205;76
754;GRENADE SUR GARONNE;31;232;76
737;L UNION;31;561;76
755;LA SALVETAT ST GILLES;31;526;76
763;LABEGE;31;254;76
767;LACROIX FALGARDE;31;259;76
766;LANTA;31;271;76
744;LAUNAGUET;31;282;76
756;MONDONVILLE;31;351;76
770;MONTASTRUC LA CONSEILLERE;31;358;76
762;NAILLOUX;31;396;76
771;POMPERTUZAT;31;429;76
742;RAMONVILLE ST AGNE;31;446;76
764;REVEL;31;451;76
740;ROUFFIAC TOLOSAN;31;462;76
743;ST JEAN;31;488;76
765;ST ORENS DE GAMEVILLE;31;506;76
747;TOURNEFEUILLE;31;557;76
761;VILLEFRANCHE-DE-LAURAGAIS;31;582;76
751;VILLEMUR SUR TARN;31;584;76
2105;AIME LA PLAGNE;73;6;84
2084;AIX LES BAINS;73;8;84
2090;ALBERTVILLE;73;11;84
2119;ALBIEZ-MONTROND;73;13;84
2102;AUSSOIS;73;23;84
2118;BARBERAZ;73;29;84
2095;BARBY;73;30;84
2103;BOURG-SAINT-MAURICE;73;54;84
2098;CHAMBERY;73;65;84
2108;COURCHEVEL;73;227;84
2111;ENTRELACS;73;10;84
2089;EPIERRE;73;109;84
2114;FLUMET;73;114;84
2107;HAUTELUCE;73;132;84
2115;LA MOTTE SERVOLEX;73;179;84
2085;LA PLAGNE TARENTAISE;73;150;84
2094;LA RAVOIRE;73;213;84
2097;LES ALLUES;73;15;84
2117;LES AVANCHERS VALMOREL;73;24;84
2087;LES BELLEVILLE;73;257;84
2101;MODANE;73;157;84
2099;MONTVALEZAN;73;176;84
2104;MOUXY;73;182;84
2116;PRALOGNAN-LA-VANOISE;73;206;84
2092;SAINT FRANCOIS LONGCHAMP;73;235;84
2109;SAINT-JEAN-D ARVEY;73;243;84
2086;SAINT-JEOIRE-PRIEURE;73;249;84
2100;TIGNES;73;296;84
2088;VAL CENIS;73;290;84
2096;VAL-D ISERE;73;304;84
2091;VALLOIRE;73;306;84
2093;VALMEINIER;73;307;84
2110;VILLARD SUR DORON;73;317;84
2112;VOGLANS;73;329;84
3176;AJOUPA BOUILLON;972;1;2
3166;CASE PILOTE;972;5;2
3169;DIAMANT;972;6;2
3164;FORT DE FRANCE;972;9;2
3174;FRANCOIS;972;10;2
3178;GROS MORNE;972;12;2
3168;LE LAMENTIN;972;13;2
3163;MARIN;972;17;2
3175;ROBERT;972;22;2
3171;SAINT JOSEPH;972;24;2
3161;SAINTE ANNE;972;26;2
3172;SAINTE LUCE;972;27;2
3162;SCHOELCHER;972;29;2
3177;TRINITE;972;30;2
3165;TROIS ILETS;972;31;2
3170;VAUCLIN;972;32;2
123;ABRIES-RISTOLAS;5;1;93
126;ANCELLE;5;4;93
116;BRIANCON;5;23;93
130;CHORGES;5;40;93
114;EMBRUN;5;46;93
120;GAP;5;61;93
136;GUILLESTRE;5;65;93
119;L'ARGENTIERE-LA-BESSEE;5;6;93
135;LA BATIE NEUVE;5;17;93
122;LA CHAPELLE-EN-VALGAUDEMAR;5;64;93
124;LA SALLE;5;161;93
110;LARAGNE-MONTEGLIN;5;70;93
139;LAYE;5;72;93
121;LE DEVOLUY;5;139;93
134;LE MONETIER-LES-BAINS;5;79;93
127;LES ORRES;5;98;93
112;MONTGARDIN;5;84;93
133;NEVACHE;5;93;93
117;ORCIERES;5;96;93
131;PUY SAINT VINCENT;5;110;93
140;PUY-SANIERES;5;111;93
129;RISOUL;5;119;93
132;SAINT-BONNET-EN-CHAMPSAUR;5;132;93
141;SAINT-CHAFFREY;5;133;93
111;SAINT-MICHEL-DE-CHAILLOL;5;153;93
115;SAINT-SAUVEUR;5;156;93
137;SAVINES-LE-LAC;5;164;93
128;SERRES;5;166;93
118;VALLOUISE-PELVOUX;5;101;93
113;VARS;5;177;93
125;VEYNES;5;179;93
1881;ADE;65;2;76
1880;ARAGNOUET;65;17;76
1866;ARGELES-GAZOST;65;25;76
1871;ARREAU;65;31;76
1874;BAGNERES-DE-BIGORRE;65;59;76
1875;BAREGES;65;481;76
1873;CAMPAN;65;123;76
1867;CAPVERN;65;127;76
1869;CAUTERETS;65;138;76
1876;ESQUIEZE-SERE;65;168;76
1879;GERM;65;199;76
1865;LOURDES;65;286;76
1878;LUZ-SAINT-SAUVEUR;65;295;76
1872;SAILHAN;65;384;76
1870;SAINT-LARY-SOULAN;65;388;76
1877;SEMEAC;65;417;76
1868;TARBES;65;440;76
1882;VIELLE-AURE;65;465;76
1396;AGEN;47;1;75
1403;AIGUILLON;47;4;75
1400;BOE;47;31;75
1399;CASTELJALOUX;47;52;75
1410;CASTELNAUD DE GRATECAMBE;47;55;75
1401;COLAYRAC ST CIRQ;47;69;75
1408;FUMEL;47;106;75
1398;LAFOX;47;128;75
1397;LAYRAC;47;145;75
1395;LE PASSAGE;47;201;75
1404;MARMANDE;47;157;75
1409;MONFLANQUIN;47;175;75
1402;NERAC;47;195;75
1405;TONNEINS;47;310;75
1406;VILLENEUVE SUR LOT;47;323;75
1407;VILLEREAL;47;324;75
2559;ALBI;81;4;76
1773;ALENCON;61;1;28
1894;ALENYA;66;2;76
2067;ALLONNES;72;3;52
419;ALLOUIS;18;5;24
1897;AMELIE LES BAINS;66;3;76
382;ANGOULEME;16;15;75
404;ANGOULINS;17;10;75
1138;ARBOIS;39;13;27
2044;ARC-LES-GRAY;70;26;27
659;AREGNO;2B;94;94
1883;ARGELES SUR MER;66;8;76
403;ARS-EN-RE;17;19;75
2078;AUBIGNE RACAN;72;13;52
421;AUBIGNY-SUR-NERE;18;15;24
774;AUCH;32;13;76
1269;AUREC-SUR-LOIRE;43;12;84
2060;AUTUN;71;14;27
2798;AUXERRE;89;24;27
2804;AVALLON;89;25;27
271;AX-LES-THERMES;9;32;76
394;AYTRE;17;28;75
1775;BAGNOLES DE L'ORNE NORMANDIE;61;483;28
264;BALAN;8;43;44
385;BARBEZIEUX SAINT HILAIRE;16;28;75
412;BARZAN;17;34;75
265;BAZEILLES;8;53;44
2816;BEAUCOURT;90;9;27
2569;BEAUMONT DE LOMAGNE;82;13;76
561;BEAUMONT LE ROGER;27;51;28
2083;BEAUMONT SUR SARTHE;72;29;52
1275;BEAUZAC;43;25;84
2814;BELFORT;90;10;27
1154;BELLEFONTAINE;39;47;27
70;BELLEU;2;64;32
1571;BELLEVILLE SUR MEUSE;55;43;44
472;BERGERAC;24;37;75
562;BERNAY;27;56;28
1822;BESSE-ET-SAINT-ANASTAISE;63;38;84
2749;BESSINES-SUR-GARTEMPE;87;14;75
2062;BLANZY;71;40;27
1197;BLOIS;41;18;24
1144;BOIS-D AMONT;39;59;27
1896;BOLQUERE;66;20;76
470;BOULAZAC ISLE MANOIRE;24;53;75
2742;BOURESSE;86;34;75
415;BOURGES;18;33;24
2533;BRESSUIRE;79;49;75
1273;BRIOUDE;43;40;84
425;BRIVE LA GAILLARDE;19;31;75
1268;BRIVES-CHARENSAC;43;41;84
553;BUEIL;27;119;28
2739;BUXEROLLES;86;41;75
1394;CAHORS;46;42;76
1885;CANET EN ROUSSILLON;66;37;76
263;CARIGNAN;8;90;44
479;CASTELNAUD-LA-CHAPELLE;24;86;75
2568;CASTELSARRASIN;82;33;76
2562;CASTRES;81;65;76
2574;CAUSSADE;82;37;76
3179;CAYENNE;973;2;3
776;CAZAUBON;32;96;76
1898;CERET;66;49;76
661;CERVIONE;2B;87;94
2037;CHAGEY;70;116;27
2055;CHAGNY;71;73;27
2050;CHALON-SUR-SAONE;71;76;27
2035;CHALONVILLARS;70;117;27
1137;CHAMPAGNOLE;39;97;27
2081;CHAMPFLEUR;72;56;52
1508;CHANGE;53;54;52
258;CHARLEVILLE-MEZIERES;8;105;44
2056;CHAROLLES;71;106;27
2736;CHASSENEUIL-DU-POITOU;86;62;75
1824;CHASTREIX;63;98;84
71;CHATEAU THIERRY;2;168;32
1505;CHATEAU-GONTIER-SUR-MAYENNE;53;62;52
1032;CHATEAUROUX;36;44;24
393;CHATELAILLON-PLAGE;17;94;75
1817;CHATELGUYON;63;103;84
2740;CHATELLERAULT;86;66;75
2058;CHAUFFAILLES;71;120;27
1503;CHAUMONT;52;121;44
54;CHAUNY;2;173;32
2530;CHAURAY;79;81;75
2743;CHAUVIGNY;86;70;75
2813;CHEROY;89;100;27
2801;CHEVANNES;89;102;27
1153;CLAIRVAUX-LES-LACS;39;154;27
395;CLAVETTE;17;109;75
2079;CLERMONT CREANS;72;84;52
2047;CLUNY;71;137;27
69;COEUVRES ET VALSERY;2;201;32
556;CONCHES EN OUCHE;27;165;28
775;CONDOM;32;107;76
1506;CONGRIER;53;73;52
1892;CORNEILLA DEL VERCOL;66;59;76
1622;COULANGES LES NEVERS;58;88;27
471;COULOUNIEIX-CHAMIERS;24;138;75
398;COURCON;17;127;75
63;COURMELLES;2;226;32
2751;COUZEIX;87;50;75
75;CUSSET;3;95;84
275;DAUMAZAN-SUR-ARIZE;9;105;76
1623;DECIZE;58;95;27
2059;DIGOIN;71;176;27
430;DIJON;21;231;27
1136;DOLE;39;198;27
401;DOMPIERRE-SUR-MER;17;142;75
2043;ECHENOZ-LA-MELINE;70;207;27
1884;ELNE;66;65;76
1266;ESPALY-SAINT-MARCEL;43;89;84
551;EVREUX;27;229;28
2529;EXIREUIL;79;114;75
550;EZY SUR EURE;27;230;28
72;FERE EN TARDENOIS;2;305;32
1774;FLERS;61;169;28
268;FOIX;9;122;76
60;FOLEMBRAY;2;318;32
1899;FONT-ROMEU ODEILLO-VIA;66;124;76
2738;FONTAINE-LE-COMTE;86;100;75
1903;FORMIGUERES;66;82;76
407;FOURAS;17;168;75
1619;FOURCHAMBAULT;58;117;27
2534;FRONTENAY-ROHAN-ROHAN;79;130;75
563;GAILLON;27;275;28
777;GIMONT;32;147;76
558;GISORS;27;284;28
259;GIVET;8;190;44
2051;GIVRY;71;221;27
387;GOND PONTOUVRE;16;154;75
548;GRAVIGNY;27;299;28
2576;GRISOLLES;82;75;76
467;GUERET;23;96;75
1140;HAUTS DE BIENNE;39;368;27
2032;HERICOURT;70;285;27
1621;IMPHY;58;134;27
2744;ISLE;87;75;75
1820;ISSOIRE;63;178;84
3181;KOUROU;973;4;3
778;L ISLE JOURDAIN;32;160;76
660;L'ILE ROUSSE;2B;134;94
386;L'ISLE D'ESPAGNAC;16;166;75
1033;LA CHATRE;36;46;24
1202;LA CHAUSSEE SAINT VICTOR;41;47;24
56;LA FERE;2;304;32
2080;LA FERTE BERNARD;72;132;52
2077;LA FLECHE;72;154;52
3192;LA POSSESSION;974;8;4
2741;LA ROCHE POSAY;86;207;75
466;LA SOUTERRAINE;23;176;75
560;LA TRINITE DE REVILLE;27;660;28
2567;LA VILLE DIEU DU TEMPLE;82;96;76
391;LAGORD;17;200;75
475;LAMOTHE-MONTRAVEL;24;226;75
1265;LANGEAC;43;112;84
1412;LANGOGNE;48;80;76
1504;LANGRES;52;269;44
55;LAON;2;408;32
66;LARGNY SUR AUTOMNE;2;410;32
1507;LAVAL;53;130;52
1150;LAVANS-LES-SAINT-CLAUDE;39;286;27
273;LAVELANET;9;160;76
1891;LE BARCARES;66;17;76
1904;LE BOULOU;66;24;76
1264;LE CHAMBON SUR LIGNON;43;51;84
2061;LE CREUSOT;71;153;27
312;LE MONASTERE;12;146;76
1260;LE PUY EN VELAY;43;157;84
559;LES ANDELYS;27;16;28
399;LES PORTES-EN-RE;17;286;75
1134;LES ROUSSES;39;470;27
2560;LISLE-SUR-TARN;81;145;76
396;LOIX;17;207;75
2064;LOUHANS;71;263;27
2033;LURE;70;310;27
2031;LUXEUIL-LES-BAINS;70;311;27
270;LUZENAC;9;176;76
2045;MACON;71;270;27
2811;MALAY LE GRAND;89;239;27
428;MALEMORT;19;123;75
2082;MAMERS;72;180;52
402;MARANS;17;218;75
1199;MAROLLES;41;128;24
1414;MARVEJOLS;48;92;76
1510;MAYENNE;53;147;52
2563;MAZAMET;81;163;76
417;MEHUN-SUR-YEVRE;18;141;24
1411;MENDE;48;95;76
411;MESCHERS-SUR-GIRONDE;17;230;75
1413;MEYRUEIS;48;96;76
2737;MIGNALOUX-BEAUVOIR;86;157;75
272;MIREPOIX;9;194;76
1152;MOIRANS-EN-MONTAGNE;39;333;27
2565;MOISSAC;82;112;76
1415;MONT LOZERE ET GOULET;48;27;76
2566;MONTAUBAN;82;121;76
2572;MONTBETON;82;124;76
2053;MONTCEAU LES MINES;71;306;27
2048;MONTCHANIN;71;310;27
2571;MONTECH;82;125;76
2072;MONTFORT-LE-GESNOIS;72;241;52
1148;MONTMOROT;39;362;27
2803;MONTREAL;89;267;27
1198;MONTRICHARD VAL DE CHER;41;151;24
2071;MONTVAL-SUR-LOIR;72;71;52
418;MORTHOMIERS;18;157;24
73;MOULINS;3;190;84
2070;MULSANNE;72;213;52
67;NANTEUIL LA FOSSE;2;537;32
2040;NAVENNE;70;378;27
1618;NEVERS;58;194;27
2528;NIORT;79;191;75
1502;NOGENT;52;353;44
2039;NOIDANS-LES-VESOUL;70;388;27
2076;NOYEN SUR SARTHE;72;223;52
2815;OFFEMONT;90;75;27
1149;OFFLANGES;39;392;27
662;OLETTA;2B;185;94
552;PACY-SUR-EURE;27;448;28
274;PAMIERS;9;225;76
2057;PARAY LE MONIAL;71;342;27
2069;PARIGNE L EVEQUE;72;231;52
2806;PARON;89;287;27
2527;PARTHENAY;79;202;75
468;PERIGUEUX;24;322;75
1888;PERPIGNAN;66;136;76
1147;PERRIGNY;39;411;27
1417;PEYRE EN AUBRAC;48;9;76
2735;POITIERS;86;194;75
1146;POLIGNY;39;434;27
1272;PONT-SALOMON;43;153;84
1818;PONTGIBAUD;63;285;84
473;PORT-SAINTE-FOY-ET-PONCHAPT;24;335;75
1145;PREMANON;39;441;27
400;PUILBOREAU;17;291;75
2042;PUSEY;70;428;27
1901;PUYVALADOR;66;154;76
1155;RAVILLOLES;39;453;27
3180;REMIRE MONTJOLY;973;9;3
261;RETHEL;8;362;44
2041;RIOZ;70;447;27
1900;RIVESALTES;66;164;76
405;ROCHEFORT;17;299;75
1200;ROMORANTIN-LANTHENAY;41;194;24
478;ROUFFIGNAC-ST-CERNIN-DE-REILHA;24;356;75
2066;RUAUDIN;72;260;52
383;RUELLE-SUR-TOUVRE;16;291;75
549;RUGLES;27;502;28
2075;SABLE SUR SARTHE;72;264;52
2575;SAINT ANTONIN NOBLE VAL;82;155;76
2073;SAINT CALAIS;72;269;52
3185;SAINT DENIS;974;11;4
1624;SAINT ELOI;58;238;27
58;SAINT GOBAIN;2;680;32
2561;SAINT JUERY;81;257;76
1276;SAINT JUST MALMONT;43;205;84
3183;SAINT LAURENT DU MARONI;973;11;3
2074;SAINT MARS D OUTILLE;72;299;52
3160;SAINT MARTIN;971;27;1
3193;SAINT PIERRE;974;16;4
61;SAINT QUENTIN;2;691;32
2063;SAINT SERNIN DU BOIS;71;479;27
420;SAINT-AMAND-MONTROND;18;197;24
3190;SAINT-BENOIT;974;10;4
1135;SAINT-CLAUDE;39;478;27
1887;SAINT-CYPRIEN;66;171;76
2049;SAINT-DESERT;71;404;27
1267;SAINT-DIDIER-EN-VELAY;43;177;84
416;SAINT-FLORENT-SUR-CHER;18;207;24
410;SAINT-GEORGES-DE-DIDONNE;17;333;75
269;SAINT-JEAN-DU-FALGA;9;265;76
260;SAINT-LAURENT;8;385;44
3194;SAINT-LEU;974;13;4
397;SAINT-MARTIN-DE-RE;17;369;75
388;SAINT-MICHEL;16;341;75
1821;SAINT-NECTAIRE;63;380;84
1263;SAINT-PAL-DE-MONS;43;213;84
3188;SAINT-PAUL;974;15;4
1902;SAINT-PAUL-DE-FENOUILLET;66;187;76
2052;SAINT-REMY;71;475;27
427;SAINT-SORNIN-LAVOLPS;19;243;75
2564;SAINT-SULPICE-LA-POINTE;81;271;76
389;SAINT-XANDRE;17;414;75
429;SAINTE FEREOLE;19;202;75
3184;SAINTE MARIE;974;18;4
1886;SAINTE-MARIE-LA-MER;66;182;76
1261;SAINTE-SIGOLENE;43;224;84
408;SAINTES;17;415;75
1151;SALINS LES BAINS;39;500;27
1141;SAMPANS;39;501;27
477;SARLAT-LA-CANEDA;24;520;75
409;SAUJON;17;421;75
267;SAVERDUN;9;282;76
2809;SAVIGNY SUR CLAIRIS;89;380;27
1262;SEAUVE-SUR-SEMENE (LA);43;236;84
262;SEDAN;8;409;44
2808;SENS;89;387;27
1143;SEPTMONCEL LES MOLUNES;39;510;27
62;SOISSONS;2;722;32
384;SOYAUX;16;374;75
2807;ST CLEMENT;89;338;27
1509;ST FRAIMBAULT DE PRIERES;53;216;52
2799;ST GEORGES SUR BAULCHE;89;346;27
413;ST JEAN D'ANGELY;17;347;75
2531;ST MAIXENT L ECOLE;79;270;75
555;ST MARCEL;27;562;28
2810;ST VALERIEN;89;370;27
2747;ST YRIEIX LA PERCHE;87;187;75
2570;ST-ETIENNE-DE-TULMONT;82;161;76
2748;ST-LEONARD-DE-NOBLAT;87;161;75
1139;TAVAUX;39;526;27
59;TERGNIER;2;738;32
476;TERRASSON LAVILLEDIEU;24;547;75
1819;THIERS;63;430;84
2812;THORIGNY-SUR-OREUSE;89;414;27
406;TONNAY CHARENTE;17;449;75
2800;TONNERRE;89;418;27
1890;TORREILLES;66;212;76
1893;TOULOUGES;66;213;76
2046;TOURNUS;71;543;27
422;TREIGNAC;19;269;75
469;TRELISSAC;24;557;75
423;TULLE;19;272;75
57;URCEL;2;755;32
426;USSAC;19;274;75
424;USSEL;19;275;75
266;USTOU;9;322;76
68;VAILLY-SUR-AISNE;2;758;32
474;VAL DE LOUYRE ET CAUDEAU;24;362;75
1620;VARENNES-VAUZELLES;58;303;27
1196;VENDOME;41;269;24
2802;VENOY;89;438;27
1572;VERDUN;55;545;44
2573;VERDUN-SUR-GARONNE;82;190;76
557;VERNEUIL D'AVRE ET D'ITON;27;679;28
554;VERNON;27;681;28
2038;VESOUL;70;550;27
64;VIC SUR AISNE;2;795;32
76;VICHY;3;310;84
1271;VIEILLE-BRIOUDE;43;262;84
414;VIERZON;18;279;24
1203;VILLEBAROU;41;276;24
1416;VILLEFORT;48;198;76
2805;VILLENEUVE SUR YONNE;89;464;27
65;VILLERS-COTTERETS;2;810;32
2036;VILLERSEXEL;70;561;27
1201;VINEUIL;41;295;24
1274;YSSINGEAUX;43;268;84
74;YZEURE;3;321;84
390;LA ROCHELLE;17;300;75
1142;LONS LE SAUNIER;39;300;27
1816;RIOM;63;300;84
2113;TRESSERVE;73;300;84
2068;LE MANS;72;181;52
2745;LIMOGES;87;85;75
138;MONTGENEVRE;5;85;93
564;CHARTRES;28;85;24
729;TOULOUSE;31;555;76
1418;ANGERS;49;7;52
2658;AVIGNON;84;7;93
2186;AMANCY;74;7;84
588;ANET;28;7;24
1270;ARAULES;43;7;84
1596;AURAY;56;7;53
3167;DUCOS;972;7;2
3182;MATOURY;973;7;3
